1.0204081632653061e-11,1.1831460577032018e-13
1.5335896027981337e-7,4.85746079968463e-15
3.067077164779941e-7,2.0266886607163299e-13
4.600564726761748e-7,1.18347160202823e-12
6.134052288743555e-7,1.5503946760605147e-11
7.667539850725362e-7,1.1742437632066966e-10
9.201027412707169e-7,6.054748186694443e-10
1.0734514974688976e-6,2.424389305280916e-9
1.2268002536670783e-6,8.060724941057009e-9
1.380149009865259e-6,2.3259035240611155e-8
1.5334977660634398e-6,6.001443618104633e-8
1.6868465222616204e-6,1.4146155565954684e-7
1.840195278459801e-6,3.0944418551227423e-7
1.993544034657982e-6,6.357530615773766e-7
2.1468927908561623e-6,1.2382209053434272e-6
2.300241547054343e-6,2.303111252372419e-6
2.453590303252524e-6,4.115487152867535e-6
2.6069390594507044e-6,7.099531226415716e-6
2.7602878156488853e-6,0.00001187107423124268
2.913636571847066e-6,0.00001930492247819906
3.0669853280452466e-6,0.000030619905892556376
3.2203340842434274e-6,0.00004748493126467072
3.3736828404416082e-6,0.00007214970431755209
3.5270315966397887e-6,0.00010760418299303534
3.6803803528379695e-6,0.00015777123984143094
3.83372910903615e-6,0.00022773743751208347
3.987077865234331e-6,0.0003240272556295786
4.140426621432511e-6,0.00045492652505020495
4.2937753776306925e-6,0.0006308612271817927
4.447124133828873e-6,0.0008648381385677817
4.600472890027053e-6,0.001172954006591896
4.753821646225235e-6,0.001574979977334533
4.907170402423415e-6,0.0020950276949842942
5.0605191586215955e-6,0.002762302798622453
5.213867914819777e-6,0.0036119501787885188
5.367216671017957e-6,0.004685993216391431
5.520565427216138e-6,0.00603436594429002
5.673914183414319e-6,0.0077160324528710795
5.827262939612499e-6,0.00980018157763756
5.98061169581068e-6,0.01236747669785334
6.133960452008861e-6,0.015511330118559452
6.287309208207041e-6,0.019339158911920666
6.440657964405222e-6,0.02397356421127749
6.594006720603403e-6,0.029553359078100014
6.7473554768015835e-6,0.03623435152395573
6.900704232999764e-6,0.044189769906935475
7.054052989197945e-6,0.05361019859882676
7.207401745396126e-6,0.06470287396455957
7.360750501594306e-6,0.07769017576977291
7.514099257792487e-6,0.09280713905521774
7.667448013990669e-6,0.11029780814436684
7.820796770188848e-6,0.13041025988558397
7.97414552638703e-6,0.15339013936454152
8.12749428258521e-6,0.17947257984122103
8.28084303878339e-6,0.20887242099847644
8.434191794981572e-6,0.24177269637472484
8.587540551179753e-6,0.2783114323464505
8.740889307377932e-6,0.318566886407606
8.894238063576114e-6,0.3625414501781458
9.200935575972475e-6,0.4611749923498054
9.354284332170656e-6,0.5153033145109659
9.507633088368837e-6,0.5720548181478622
9.814330600765198e-6,0.6907116727235809
9.980578224858388e-6,0.7558423155331816
0.000010146825848951576,0.8196700339006039
0.000010313073473044766,0.8804156353946831
0.000010479321097137956,0.9360478120323886
0.000010645568721231144,0.9843045844693666
0.000010811816345324334,1.0227276601696111
0.000010978063969417524,1.0487106542397109
0.000011144311593510712,1.0595617004987488
0.000011310559217603902,1.052580474583583
0.000011476806841697092,1.025149070775435
0.00001164305446579028,0.9748355340305007
0.00001180930208988347,0.8995081660973936
0.00001197554971397666,0.7974580205430525
0.000012141797338069848,0.667526299374815
0.000012308044962163038,0.5092326891768106
0.000012474292586256228,0.32290005436410035
0.000012640540210349417,0.1097703671392583
0.000012806787834442607,0.12789367319256556
0.000012973035458535796,0.38672716588174666
0.000013139283082628985,0.6622076317333109
0.000013305530706722175,0.9486316060828451
0.000013471778330815364,1.239128768749668
0.000013638025954908553,1.5257186192762109
0.000013804273579001743,1.7994138691231878
0.000013970521203094933,2.0503735862664674
0.000014136768827188123,2.268107676302984
0.000014303016451281311,2.4417325106994032
0.000014469264075374501,2.5602754232737173
0.000014635511699467691,2.6130234143572735
0.00001480175932356088,2.589908775812487
0.000014968006947654069,2.4819215564275985
0.000015134254571747259,2.281535938302169
0.000015300502195840447,1.9831348418413408
0.00001546674981993364,1.583414610610126
0.000015632997444026827,1.0817496743974928
0.000015799245068120015,0.48049590201805037
0.000015965492692213207,0.21478880379904755
0.000016131740316306395,0.9952270034828852
0.000016297987940399583,1.8486250606541377
0.000016464235564492775,2.7596109118835144
0.000016630483188585966,3.7099141183562954
0.000016796730812679154,4.678788911345
0.000016962978436772343,5.643572735793027
0.000017129226060865534,6.58036403327863
0.000017295473684958722,7.46479434828129
0.00001746172130905191,8.272862048837428
0.000017627968933145102,8.98178880478883
0.00001779421655723829,9.570856173118049
0.00001796046418133148,10.022178740714384
0.00001812671180542467,10.321372555613712
0.000018292959429517858,10.458083009451299
0.000018459207053611046,10.426344554382998
0.000018625454677704238,10.224754979209354
0.000018791702301797426,9.856458531104558
0.000018957949925890614,9.328943924837537
0.000019124197549983806,8.653674204203499
0.000019290445174076998,7.845574606929108
0.000019456692798170186,6.922411354719798
0.000019622940422263374,5.9040982531991055
0.000019789188046356566,4.811969060014008
0.000019955435670449754,3.668051968667824
0.000020121683294542942,2.494378696395899
0.000020287930918636133,1.3123551447113584
0.00002045417854272932,0.14221407584731197
0.00002060940921839099,0.9232003246494338
0.000020764639894052655,1.9484118110307729
0.000020919870569714324,2.921498413199208
0.000021075101245375992,3.832328441888419
0.000021230331921037657,4.67261039442816
0.000021385562596699326,5.435888388093871
0.000021540793272360994,6.117490814360837
0.00002169602394802266,6.714440447041873
0.000021851254623684328,7.225334307141442
0.000022006485299345996,7.650201280452613
0.00002216171597500766,7.99034489550892
0.00002231694665066933,8.248177889047781
0.000022472177326331,8.427054293522861
0.000022627408001992663,8.531103843088383
0.000022782638677654332,8.565072563991341
0.000022937869353316,8.534172532037921
0.00002309310002897767,8.443942970988022
0.000023248330704639337,8.300124148086535
0.000023403561380301002,8.108544904539158
0.00002355879205596267,7.87502414085327
0.00002371402273162434,7.605286156039091
0.000023869253407286004,7.304889408679599
0.00002417971475860934,6.633185142172324
0.00002433494543427101,6.271697258180879
0.00002449017610993268,5.899128287432731
0.000024800637461256012,5.1366851137567355
0.000025421560163902682,3.6340359092847008
0.00002557679083956435,3.2779732270607047
0.00002573202151522602,2.933564360800537
0.000026042482866549353,2.2849673625313587
0.00002619771354221102,1.9827571879988632
0.000026352944217872687,1.696198611019405
0.000026663405569196023,1.1715777291795324
0.000026818636244857692,0.9338430359615489
0.00002697386692051936,0.7124547525115712
0.000027129097596181026,0.5072211588354745
0.000027284328271842694,0.3178408068862832
0.000027439558947504362,0.1439189156143861
0.000027594789623166028,0.01501738253954964
0.000027750020298827696,0.15950497037067077
0.000027905250974489365,0.29013185579912876
0.000028060481650151033,0.4075254516163204
0.0000282157123258127,0.5123419995345353
0.000028370943001474367,0.6052571015026251
0.000028526173677136035,0.6869573122094921
0.000028681404352797704,0.7581327397796254
0.00002883663502845937,0.8194705966690862
0.000028991865704121037,0.8716496393752136
0.000029147096379782706,0.9153354335929631
0.00002930232705544437,0.9511763806649102
0.00002945755773110604,0.9798004413840338
0.000029612788406767708,1.001812494253784
0.000029768019082429373,1.017792267026238
0.00002992324975809104,1.0282927825988335
0.00003007848043375271,1.033839263016337
0.000030233711109414375,1.0349284383175514
0.000030388941785076043,1.0320282101643221
0.000030541127451081696,1.0257356462096237
0.00003069331311708735,1.016417737894676
0.00003084549878309301,1.004435463514562
0.000030997684449098664,0.9901243604049152
0.00003114987011510432,0.9737952477678261
0.000031302055781109975,0.9557350620776521
0.00003160642711312129,0.9154554177864108
0.00003175861277912694,0.8936990581771151
0.0000319107984451326,0.8711399386442336
0.00003221516977714391,0.8243256661655326
0.000032823912441166535,0.7279703769137895
0.00003297609810717219,0.703987705521798
0.00003312828377317785,0.6802273428651664
0.00003343265510518916,0.6336458882147047
0.00003404139776921178,0.5456502961330372
0.00003419358343521744,0.5249343365405972
0.000034345769101223094,0.5047773021101091
0.000034650140433234406,0.466191153163269
0.00003525888309725703,0.39607442327471987
0.000035411068763262686,0.38000946696548704
0.00003556325442926834,0.3645186796380901
0.000035867625761279654,0.3352224026400704
0.00003601981142728531,0.32139505012695974
0.000036171997093290966,0.30809857727945067
0.00003647636842530228,0.28304467605599465
0.000036628554091307934,0.27125907698681684
0.00003678073975731359,0.2599482937790797
0.0000370851110893249,0.23869161203669448
0.000037693853753347525,0.20121906581242058
0.00003784603941935318,0.19281500689070372
0.00003799822508535884,0.1847678550783682
0.00003830259641737015,0.16968906872562783
0.000038454782083375805,0.1626306628334712
0.00003860696774938146,0.15587566062539931
0.00003891133908139277,0.1432263540000344
0.00003906352474739843,0.13730826098234755
0.000039215710413404085,0.1316460033618891
0.000039520081745415397,0.12104574360947802
0.00003967226741142105,0.11608709442913281
0.00003982445307742671,0.11134297810944106
0.00004012882440943802,0.1024612478717609
0.00004029390894333869,0.0979621702078532
0.00004045899347723935,0.09367322121576074
0.00004078916254504068,0.08568586356503646
0.000040954247078941347,0.08196866558471516
0.00004111933161284201,0.07842398619918026
0.00004144950068064334,0.07181925036464921
0.000041614585214544005,0.06874370186783134
0.000041779669748444666,0.06580965612616249
0.000042109838816245995,0.06033903578107735
0.00004227492335014666,0.05778976183602924
0.000042440007884047324,0.055356562646683816
0.00004277017695184865,0.05081628251761583
0.00004293526148574932,0.04869882724873423
0.00004310034601964998,0.04667667234592448
0.00004343051508745131,0.042900228683715166
0.00004359559962135198,0.04113747923461791
0.00004376068415525264,0.03945308689982564
0.00004409085322305397,0.03630467112341807
0.00004425593775695464,0.03483375041638564
0.0000444210222908553,0.033427374083563284
0.00004475119135865663,0.030796265521149373
0.000044916275892557296,0.02956590755401891
0.00004508136042645796,0.028388827527527596
0.000045411529494259286,0.026184714976692003
0.000045576614028159954,0.025153088318606045
0.000045741698562060615,0.024165539155222217
0.000046071867629861944,0.02231467268100516
0.00004623695216376261,0.021447597412611607
0.000046402036697663274,0.02061707386163692
0.0000467322057654646,0.019059128713821632
0.00004689729029936527,0.018328627042517753
0.00004706237483326593,0.017628508981422188
0.00004739254390106726,0.016314044599363073
0.00004805288203666992,0.013994017157311243
0.00004821796657057059,0.013471901296858662
0.00004838305110447125,0.01297093155482991
0.00004871322017227258,0.012028781033119539
0.000048878304706173245,0.011585881273416351
0.000049043389240073907,0.011160685500740612
0.000049373558307875236,0.010360389251930537
0.000049538642841775904,0.009983866770254772
0.000049703727375676565,0.00962220089392918
0.000050033896443477894,0.008940939345437647
0.00005069423457908056,0.0077307373787236944
0.0000508483021645497,0.007474831031522839
0.00005100236975001885,0.00722812473605044
0.00005131050492095713,0.006760899948972632
0.00005146457250642627,0.006539711719549251
0.000051618640091895414,0.006326382781106768
0.0000519267752628337,0.005922110089303951
0.00005208084284830284,0.005730600411649276
0.00005223491043377198,0.005545817116458871
0.00005254304560471027,0.005195420495557887
0.00005315931594658684,0.004564798434175457
0.000053313383532055984,0.004420512873715751
0.000053467451117525125,0.004281180924895817
0.000053775586288463415,0.004016651172760885
0.000053929653873932557,0.0038911079433761276
0.000054083721459401705,0.003769826871336152
0.00005439185663033999,0.0035394328160180477
0.00005454592421580913,0.0034300257252201554
0.00005469999180127827,0.003324292071735654
0.000055008126972216554,0.0031233179068521836
0.000055624397314093126,0.0027599298961791894
0.00005577846489956227,0.0026764590892140406
0.000055932532485031416,0.002595730497363467
0.0000562406676559697,0.002442114806543009
0.00005639473524143884,0.002369044226742275
0.00005654880282690798,0.002298348605898527
0.000056856937997846265,0.002163752184689424
0.000057011005583315406,0.0020996940684039926
0.00005716507316878455,0.0020376960326104463
0.00005747320833972284,0.0019195968905594302
0.00005808947868159941,0.0017051464419887451
0.00005824354626706855,0.0016557090827977446
0.00005839761385253769,0.0016078287773746815
0.00005870574902347598,0.0015165295677220239
0.000058859816608945124,0.0014730105356493986
0.00005901388419441427,0.0014308481511572906
0.000059322019365352555,0.0013504124160367327
0.000059476086950821696,0.0013120526636358422
0.00005963015453629084,0.0012748766334097351
0.00005993828970722912,0.001203919466176643
0.000060554560049105693,0.0010745667301535456
0.00006072152650246984,0.001042184855201744
0.000060888492955833994,0.001010862856084729
0.0000612224258625623,0.0009512501795803846
0.00006138939231592645,0.0009228888383960203
0.00006155635876929061,0.0008954459320385392
0.0000618902916760189,0.0008431882586148029
0.00006205725812938304,0.0008183128686501738
0.0000622242245827472,0.0007942345726480198
0.0000625581574894755,0.0007483600452545706
0.00006322602330293211,0.0006650297474276048
0.00006339298975629627,0.000645813936039377
0.00006355995620966042,0.0006272012119516209
0.00006389388911638873,0.0005917040674360879
0.00006406085556975288,0.0005747809963278294
0.00006422782202311704,0.0005583836536700665
0.00006456175492984533,0.000527096291773146
0.00006472872138320947,0.0005121729018372407
0.00006489568783657362,0.0004977084528118286
0.00006522962074330193,0.0004700959969481889
0.00006589748655675854,0.0004197434437773712
0.0000660644530101227,0.00040809410340361034
0.00006623141946348685,0.0003967959490548303
0.00006656535237021516,0.00037520789665546555
0.00006673231882357931,0.0003648963308989882
0.00006689928527694346,0.0003548925863011573
0.00006723321818367176,0.0003357692380127675
0.0000674001846370359,0.0003266308168928975
0.00006756715109040005,0.0003177625586821826
0.00006790108399712836,0.0003008023482315735
0.00006856894981058497,0.00026976381663346854
0.00006873591626394912,0.0002625611542443144
0.00006890288271731328,0.0002555673882888066
0.00006923681562404157,0.0002421806126048003
0.00006990468143749817,0.00021764041687823968
0.00007007164789086233,0.00021193761915895378
0.00007023861434422648,0.00020639713995330926
0.00007057254725095479,0.0001957833593273216
0.00007124041306441139,0.00017629493606459277
0.00007140433450811954,0.00017184145414984877
0.00007156825595182767,0.0001675101838958189
0.00007189609883924395,0.00015919991625431743
0.0000725517846140765,0.00014389415865765395
0.00007271570605778464,0.00014032320203823757
0.00007287962750149277,0.0001368485141338055
0.00007320747038890906,0.00013017682500684506
0.00007386315616374163,0.0001178711206734086
0.00007402707760744976,0.00011499658082113763
0.0000741909990511579,0.00011219819401761394
0.00007451884193857418,0.00010682123683453766
0.00007517452771340674,0.00009688970837325482
0.00007533844915711489,0.00009456701785148138
0.00007550237060082303,0.00009230481475058898
0.0000758302134882393,0.0000879551205250532
0.00007648589926307185,0.00007991012055643904
0.00007664982070677999,0.00007802648464587606
0.00007681374215048813,0.00007619108241683904
0.0000771415850379044,0.00007265968674466901
0.00007779727081273697,0.00006611962674179241
0.00007796119225644512,0.00006458666406847447
0.00007812511370015326,0.00006309231134308618
0.00007845295658756953,0.00006021526574047617
0.00007910864236240208,0.000054880305183010214
0.00007927256380611022,0.000053628479882879496
0.00007943648524981836,0.00005240767315645591
0.00007976432813723465,0.000050055823474027975
0.00008042001391206721,0.0000456894068153478
0.00008058393535577535,0.00004466378938010729
0.00008074785679948349,0.00004366318205190398
0.00008107569968689976,0.00004173438298394962
0.00008173138546173232,0.000038149155257622083
0.00008188428995700894,0.00003736220401222593
0.00008203719445228556,0.00003659288974801621
0.0000823430034428388,0.00003510547610284497
0.00008295462142394527,0.00003232424319512626
0.00008310752591922188,0.00003166703965997002
0.0000832604304144985,0.000031024353743383184
0.00008356623940505174,0.00002978115629515857
0.00008417785738615821,0.000027454317119440782
0.00008433076188143483,0.000026904038102715578
0.00008448366637671144,0.00002636574171073525
0.00008478947536726468,0.000025323978548567383
0.00008540109334837115,0.00002337231825802518
0.0000866243293105841,0.000019942201915011095
0.00008677723380586071,0.000019553502338270485
0.00008693013830113733,0.000019173033889253645
0.00008723594729169057,0.000018436042212971895
0.00008784756527279704,0.000017052854962159627
0.00008800046976807365,0.000016724985723032456
0.00008815337426335027,0.000016403965290088403
0.00008845918325390351,0.000015781855743026967
0.00008907080123500998,0.000014613270649665757
0.0000892237057302866,0.000014336068829422327
0.00008937661022556322,0.000014064579608256189
0.00008968241921611645,0.000013538234169083202
0.00009029403719722292,0.0000125487020563784
0.00009151727315943586,0.0000107975939126727
0.00009168307652260749,0.000010581468078872831
0.00009184887988577912,0.000010370041133739927
0.00009218048661212237,9.96084644763786e-6
0.00009284370006480889,9.194175237140893e-6
0.00009300950342798051,9.012704462158008e-6
0.00009317530679115214,8.83512418934389e-6
0.0000935069135174954,8.491277915686072e-6
0.0000941701269701819,7.846458825797393e-6
0.00009433593033335352,7.693713199515588e-6
0.00009450173369652515,7.5441975746297084e-6
0.00009483334042286841,7.254563047283927e-6
0.00009549655387555491,6.710926058657068e-6
0.00009682298078092792,5.751921700055364e-6
0.00009698878414409955,5.64293817602669e-6
0.00009715458750727117,5.536198298943233e-6
0.00009748619423361443,5.329248626483439e-6
0.00009814940768630094,4.940149065102908e-6
0.00009831521104947256,4.84777873715276e-6
0.00009848101441264418,4.757284611172533e-6
0.00009881262113898744,4.581759773435551e-6
0.00009947583459167395,4.25147608290519e-6
0.00009964163795484557,4.173014370549203e-6
0.0000998074413180172,4.096125731301003e-6
0.00010013904804436045,3.946930911313306e-6
0.00010080226149704696,3.66596973490286e-6
0.00010212868840241997,3.167124937977609e-6
0.00010228347481716007,3.1139042660537027e-6
0.00010243826123190018,3.0616550355541403e-6
0.00010274783406138038,2.9599948989152737e-6
0.00010336697972034081,2.767516155958248e-6
0.00010352176613508091,2.7215532072823264e-6
0.00010367655254982103,2.676419387885449e-6
0.00010398612537930124,2.5885750976065343e-6
0.00010460527103826165,2.4221484845772985e-6
0.00010476005745300175,2.3823848335423444e-6
0.00010491484386774186,2.3433308724460753e-6
0.00010522441669722206,2.2672950768812194e-6
0.00010584356235618248,2.1231503707136164e-6
0.00010708185367410332,1.8638661861619997e-6
0.00010723664008884342,1.833956773868096e-6
0.00010739142650358354,1.8045692654454883e-6
0.00010770099933306374,1.7473189878178333e-6
0.00010832014499202416,1.6386546785687369e-6
0.00010847493140676426,1.612652527967132e-6
0.00010862971782150436,1.5870981257799868e-6
0.00010893929065098457,1.5373008628683568e-6
0.00010955843630994498,1.4427287060511465e-6
0.00010971322272468509,1.4200867965408489e-6
0.00010986800913942519,1.3978310978548924e-6
0.0001101775819689054,1.3544498055341608e-6
0.00011079672762786582,1.2720145172121173e-6
0.00011203501894578667,1.1230423281181148e-6
0.00011218676035087077,1.1061334573432214e-6
0.00011233850175595485,1.0895015795143472e-6
0.00011264198456612304,1.057046808027105e-6
0.00011324895018645942,9.952473290479237e-7
0.00011340069159154352,9.80418820041292e-7
0.00011355243299662761,9.658305775480405e-7
0.0001138559158067958,9.373571723832933e-7
0.00011446288142713216,8.83110201984308e-7
0.00011461462283221625,8.700882708184853e-7
0.00011476636423730035,8.572753210417131e-7
0.00011506984704746852,8.322600711241125e-7
0.0001156768126678049,7.845779407103816e-7
0.00011689074390847765,6.978840334752967e-7
0.00011704248531356175,6.878017260023354e-7
0.00011719422671864584,6.778772501506351e-7
0.00011749770952881403,6.584923126115499e-7
0.00011810467514915039,6.215067990289986e-7
0.00011825641655423448,6.126173585274288e-7
0.00011840815795931858,6.038659882899271e-7
0.00011871164076948676,5.867685994623668e-7
0.00011931860638982313,5.541316307970152e-7
0.00011947034779490723,5.462845379458176e-7
0.00011962208919999132,5.38557792782581e-7
0.00011992557201015951,5.234588546109252e-7
0.00012053253763049589,4.946234345524257e-7
0.00012174646887116863,4.419987713341355e-7
0.00012191110914414773,4.353434046105683e-7
0.00012207574941712682,4.287970575618355e-7
0.00012240502996308504,4.160227791021813e-7
0.00012306359105500143,3.91698005428232e-7
0.00012322823132798055,3.8586166960787384e-7
0.00012339287160095965,3.8011893339431627e-7
0.00012372215214691783,3.6891147105840904e-7
0.00012438071323883426,3.475592067305346e-7
0.00012454535351181335,3.424337902820281e-7
0.00012470999378479244,3.3739052703582334e-7
0.00012503927433075065,3.27543399125559e-7
0.00012569783542266705,3.087749664922844e-7
0.00012701495760649987,2.746501877362074e-7
0.000127179597879479,2.706814672452894e-7
0.0001273442381524581,2.6677522473941e-7
0.00012767351869841627,2.5914466174788054e-7
0.0001283320797903327,2.445861265077347e-7
0.0001284967200633118,2.4108689986457524e-7
0.00012866136033629088,2.376422236793211e-7
0.0001289906408822491,2.3091207626999578e-7
0.0001296492019741655,2.180650475366234e-7
0.00012981384224714459,2.1497625908334393e-7
0.0001299784825201237,2.1193489739743177e-7
0.00013030776306608192,2.0599153312265252e-7
0.00013096632415799832,1.9464104380250368e-7
0.00013228344634183114,1.7392633436648653e-7
0.0001324370696663787,1.7167095606098627e-7
0.00013259069299092628,1.6944692942393232e-7
0.00013289793964002146,1.6509300137349464e-7
0.00013351243293821178,1.5674502258972725e-7
0.0001347414195345924,1.4139265727476656e-7
0.00013489504285913999,1.3959166015831372e-7
0.00013504866618368756,1.3781556727945434e-7
0.00013535591283278273,1.3433608872548898e-7
0.00013597040613097305,1.2766080510296022e-7
0.0001371993927273537,1.153660929432723e-7
0.00013735301605190126,1.1392233709877968e-7
0.00013750663937644883,1.1249781740285631e-7
0.000137813886025544,1.0970660505221283e-7
0.00013842837932373433,1.0434747137858408e-7
0.00013965736592011496,9.446339494979574e-8
0.00013981098924466254,9.330113296471114e-8
0.0001399646125692101,9.215451047994565e-8
0.00014027185921830528,8.990671248826009e-8
0.0001408863525164956,8.558822611994558e-8
0.00014211533911287627,7.761182131265187e-8
0.00014228186130531886,7.659476450894146e-8
0.00014244838349776142,7.559204816642062e-8
0.0001427814278826466,7.362938477297321e-8
0.00014344751665241697,6.986805922671266e-8
0.0001447796941919577,6.29566748341345e-8
0.0001449462163844003,6.214628548050929e-8
0.0001451127385768429,6.134712656918954e-8
0.00014544578296172807,5.978259478656444e-8
0.0001461118717314984,5.6781730502631196e-8
0.00014744404927103912,5.1259141413420415e-8
0.0001476105714634817,5.06110466275567e-8
0.0001477770936559243,4.997171423212605e-8
0.00014811013804080949,4.871904614545497e-8
0.00014877622681057983,4.6315586972964885e-8
0.00015010840435012053,4.188553592355154e-8
0.00015027492654256312,4.136494619649066e-8
0.00015044144873500572,4.085129277500218e-8
0.0001507744931198909,3.984472810050298e-8
0.00015144058188966124,3.7912052833486514e-8
0.00015277275942920194,3.434454825276988e-8
0.00015293623661198852,3.393248830520844e-8
0.0001530997137947751,3.352583169906741e-8
0.00015342666816034825,3.272859236096806e-8
0.00015408057689149455,3.119460391948676e-8
0.00015538839435378718,2.835575598358943e-8
0.0001555518715365738,2.8021343221864256e-8
0.00015571534871936036,2.769113274149686e-8
0.00015604230308493351,2.7043015706220024e-8
0.00015669621181607982,2.5795790560842237e-8
0.00015800402927837242,2.34848230152037e-8
0.000158167506461159,2.3211786994628952e-8
0.00015833098364394558,2.2942686058331438e-8
0.00015865793800951873,2.2414259638897323e-8
0.00015931184674066503,2.139664190502851e-8
0.00016061966420295764,1.950916376923665e-8
0.0001607831413857442,1.928619790960692e-8
0.0001609466185685308,1.9065924024842225e-8
0.00016127357293410394,1.8633798168488166e-8
0.00016192748166525024,1.78008107595583e-8
0.00016323529912754288,1.6253642500584937e-8
0.00016338775936189793,1.6083285684473114e-8
0.00016354021959625296,1.5914407127534224e-8
0.00016384514006496307,1.5582930471849284e-8
0.0001644549810023833,1.4941816082138092e-8
0.00016567466287722375,1.3744322457555104e-8
0.0001658271231115788,1.3601809659292017e-8
0.00016597958334593386,1.3461379732694298e-8
0.00016628450381464397,1.3184540287213565e-8
0.0001668943447520642,1.2650187563089094e-8
0.00016811402662690464,1.1650012960863926e-8
0.0001682664868612597,1.1530986969692149e-8
0.00016841894709561476,1.1413561711527016e-8
0.00016872386756432487,1.1182258445667216e-8
0.0001693337085017451,1.0735006662603383e-8
0.00017055339037658554,9.897607746183142e-9
0.0001707058506109406,9.798012432853131e-9
0.00017085831084529565,9.699565311714187e-9
0.00017116323131400577,9.505645958857211e-9
0.000171773072251426,9.130545552464779e-9
0.0001729927541262664,8.428051563880375e-9
0.00017315811322851649,8.337247422334346e-9
0.00017332347233076653,8.2475788173499e-9
0.00017365419053526668,8.07122568233945e-9
0.00017431562694426693,7.731399373041065e-9
0.00017563849976226742,7.096738741997426e-9
0.00017580385886451747,7.021650646916617e-9
0.00017596921796676754,6.947219215707572e-9
0.00017629993617126766,6.801187335955775e-9
0.00017696137258026794,6.518602642935528e-9
0.00017828424539826845,5.99100537135566e-9
0.0001784496045005185,5.928401238268362e-9
0.00017861496360276858,5.866679325029918e-9
0.0001789456818072687,5.7448670541411525e-9
0.00017960711821626897,5.50957542788646e-9
0.0001809299910342695,5.0699411090335165e-9
0.00018109535013651954,5.01754516998627e-9
0.0001812607092387696,4.965805282441619e-9
0.00018159142744326973,4.864442875814173e-9
0.00018225286385226998,4.667890947901516e-9
0.0001835757366702705,4.300313292621906e-9
0.00018373007882408902,4.259639120076358e-9
0.00018388442097790758,4.219171520063676e-9
0.0001841931052855447,4.139722335887373e-9
0.00018481047390081886,3.985503080351804e-9
0.0001860452111313672,3.6953648136372514e-9
0.00018619955328518574,3.6609659962081486e-9
0.00018635389543900427,3.62673619266957e-9
0.00018666257974664136,3.5591116530152853e-9
0.00018727994836191552,3.42830510790163e-9
0.00018851468559246385,3.1818030434009943e-9
0.0001886690277462824,3.152334818394155e-9
0.00018882336990010094,3.1233228084178994e-9
0.00018913205420773802,3.0660873158314508e-9
0.0001897494228230122,2.954726349542659e-9
0.00019098416005356052,2.744771701760581e-9
0.00019345363451465719,2.3722944807632466e-9
0.00019362087553637073,2.3491297798546044e-9
0.00019378811655808428,2.326022233401695e-9
0.00019412259860151137,2.2809218565057294e-9
0.0001947915626883656,2.193539837996722e-9
0.000196129490862074,2.0294318410040393e-9
0.00019629673188378754,2.0098062256436153e-9
0.00019646397290550108,1.990562524521323e-9
0.00019679845494892818,1.9525523619821092e-9
0.0001974674190357824,1.8785991910937164e-9
0.0001988053472094908,1.739763669687892e-9
0.00019897258823120434,1.7233031864367472e-9
0.00019913982925291788,1.7066195966851867e-9
0.00019947431129634498,1.6745359429593877e-9
0.0002001432753831992,1.6118905770147405e-9
0.0002014812035569076,1.4943471316000733e-9
0.00020415705990432442,1.2862412263379062e-9
0.00020432125591638198,1.2742238896508443e-9
0.00020448545192843951,1.2627970809653397e-9
0.00020481384395255458,1.2400436880149199e-9
0.00020547062800078475,1.195739186915038e-9
0.00020678419609724505,1.1119031941381596e-9
0.00020694839210930259,1.1019105540454446e-9
0.00020711258812136012,1.0921371421150775e-9
0.0002074409801454752,1.0724715186356403e-9
0.00020809776419370536,1.0344885044629001e-9
0.00020941133229016566,9.631048346058243e-10
0.0002095755283022232,9.544700210828836e-10
0.00020973972431428072,9.459150196749132e-10
0.0002100681163383958,9.293910541532934e-10
0.00021072490038662596,8.967846412805919e-10
0.0002120384684830863,8.353562569969484e-10
0.00021466560467600692,7.262185990361771e-10
0.00021481878373963293,7.203868033208346e-10
0.00021497196280325894,7.146680917786215e-10
0.000215278320930511,7.029134614648761e-10
0.00021589103718501506,6.805787249027013e-10
0.0002171164696940232,6.379672204308574e-10
0.00021726964875764921,6.329233397124076e-10
0.00021742282782127523,6.27864558010856e-10
0.00021772918594852728,6.178972291771086e-10
0.00021834190220303135,5.984177659249167e-10
0.00021956733471203946,5.614055610074149e-10
0.00021972051377566548,5.570287544365934e-10
0.0002198736928392915,5.527193084743145e-10
0.00022018005096654354,5.437007436057371e-10
0.00022079276722104758,5.269328510319705e-10
0.00022201819973005572,4.94620987729351e-10
0.000224469064748072,4.3642693327103474e-10
0.00022463514267959304,4.327067905719757e-10
0.00022480122061111407,4.2917260397710566e-10
0.00022513337647415613,4.219482807724365e-10
0.00022579768820024022,4.078772620170494e-10
0.00022712631165240844,3.81569882535309e-10
0.00022729238958392947,3.7838433812041113e-10
0.0002274584675154505,3.752963645263719e-10
0.00022779062337849256,3.6906101752894227e-10
0.00022845493510457665,3.568471103387699e-10
0.00022978355855674486,3.34049626808213e-10
0.0002299496364882659,3.3133417779172016e-10
0.00023011571441978692,3.2858280311733796e-10
0.00023044787028282898,3.23294587100629e-10
0.00023111218200891307,3.127393838650549e-10
0.00023244080546108129,2.9292311757014987e-10
0.00023509805236541768,2.5735059256795475e-10
0.00023525311334850717,2.5541326064165744e-10
0.00023540817433159668,2.5350205646655246e-10
0.0002357182962977757,2.496096339080693e-10
0.00023633854023013374,2.4253085044246346e-10
0.00023757902809484977,2.2830326930297878e-10
0.00023773408907793928,2.2655944603394937e-10
0.0002378891500610288,2.247850043064915e-10
0.00023819927202720778,2.215223013763539e-10
0.0002388195159595658,2.150273098514509e-10
0.00024006000382428182,2.0262111874234772e-10
0.00024021506480737133,2.0100160641453788e-10
0.00024037012579046084,1.9967929725654043e-10
0.00024068024775663984,1.9685872486610982e-10
0.00024130049168899785,1.91016722997958e-10
0.00024254097955371388,1.8027964611931877e-10
0.00024502195528314593,1.6032886273038464e-10
0.0002451739712565794,1.5923517139531972e-10
0.0002453259872300129,1.5807452769782462e-10
0.00024563001917687986,1.558244792494445e-10
0.00024623808307061383,1.5172875012699633e-10
0.0002474542108580818,1.4343584272317363e-10
0.0002476062268315153,1.4204168224939734e-10
0.0002477582428049488,1.4136399370284724e-10
0.00024806227475181577,1.3941563913151566e-10
0.00024867033864554974,1.3549443522210978e-10
0.0002498864664330177,1.2821826476116842e-10
0.0002500384824064512,1.2710273225909122e-10
0.0002501904983798847,1.2629134311073683e-10
0.0002504945303267517,1.246316185408576e-10
0.0002506465463001852,1.2373878429308343e-10
0.00025079856227361866,1.2291678074580716e-10
0.00025095057824705213,1.2193964367582662e-10
0.00025110259422048565,1.2093984894660904e-10
0.00025231872200795355,1.1480697172338672e-10
0.0002547509775828894,1.0279392162050506e-10
0.0002549158924242179,1.0209582076833597e-10
0.0002550808072655464,1.012936171575101e-10
0.0002554106369482034,9.966206156938507e-11
0.0002560702963135174,9.672901737499397e-11
0.0002573896150441454,9.114400643458505e-11
0.0002575545298854739,9.065594820723524e-11
0.00025771944472680237,8.993865978778432e-11
0.0002580492744094594,8.861512589144973e-11
0.0002587089337747734,8.613686786624946e-11
0.0002600282525054014,8.11566735413309e-11
0.0002601931673467299,8.059186504485374e-11
0.00026035808218805836,7.991642185192173e-11
0.0002606879118707154,7.886947469672428e-11
0.0002613475712360294,7.65494120400711e-11
0.0002626668899666574,7.249695700553517e-11
0.00026530552742791343,6.457208347202265e-11
0.00026545942532081037,6.415424357600216e-11
0.00026561332321370736,6.364822251970767e-11
0.00026592111899950135,6.278335313063152e-11
0.0002665367105710892,6.1150164558057e-11
0.00026776789371426505,5.801769213776843e-11
0.00026792179160716205,5.764761703689636e-11
0.00026807568950005904,5.737613337216393e-11
0.00026822958739295604,5.691644824962451e-11
0.000268383485285853,5.652534847396487e-11
0.0002689990768574409,5.511975710904196e-11
0.00027023026000061673,5.2243867370383976e-11
0.0002703841578935137,5.1890122114007073e-11
0.0002705380557864107,5.157801796109288e-11
0.0002706919536793077,5.140083914832014e-11
0.00027084585157220465,5.104260318470706e-11
0.00027146144314379257,4.9617007760277543e-11
0.0002726926262869684,4.719365883719232e-11
0.0002751549925733201,4.25690468761564e-11
0.0002753217893341121,4.219223571443004e-11
0.00027548858609490406,4.192299740331571e-11
0.000275655382855696,4.1695604318720274e-11
0.000275822179616488,4.154434913408364e-11
0.00027598897637728004,4.106465995203763e-11
0.000276155773138072,4.071060851107644e-11
0.00027632256989886396,4.0593339815295404e-11
0.00027648936665965597,4.025449554202035e-11
0.0002778237407459919,3.7982912111212244e-11
0.00027799053750678386,3.784563935592461e-11
0.00027815733426757587,3.767458423483756e-11
0.0002783241310283679,3.729685451935835e-11
0.0002784909277891599,3.701720593237834e-11
0.00027915811483232784,3.603078126334117e-11
0.0002804924889186637,3.4044663926614485e-11
0.00028065928567945573,3.38905510191912e-11
0.0002808260824402477,3.3556401576208504e-11
0.00028099287920103965,3.3367893933817237e-11
0.00028115967596183166,3.328471378841989e-11
0.00028132647272262367,3.3015067231193177e-11
0.00028149326948341563,3.271582283081893e-11
0.0002816600662442076,3.2552320262810915e-11
0.0002818268630049996,3.219765645268116e-11
0.0002831612370913355,3.063815630339114e-11
0.0002858299852640073,2.752527969649681e-11
0.00028599373701514326,2.7257266123719617e-11
0.0002861574887662793,2.720521474439122e-11
0.0002864849922685512,2.6862696256104744e-11
0.0002866487440196872,2.6574882746877142e-11
0.00028681249577082316,2.6347999969922185e-11
0.00028697624752195913,2.6369432890822112e-11
0.0002871399992730951,2.6050286492469374e-11
0.00028730375102423107,2.598210939170198e-11
0.00028746750277536704,2.5662758870293057e-11
0.000287631254526503,2.5547327282017727e-11
0.000287795006277639,2.5436794647090955e-11
0.00028795875802877495,2.5221138638226436e-11
0.0002881225097799109,2.5121730709862013e-11
0.00028828626153104694,2.4993133184462438e-11
0.0002884500132821829,2.492362928382982e-11
0.0002886137650333189,2.465234974215358e-11
0.0002887775167844549,2.4549063475721542e-11
0.00028894126853559087,2.434820638843079e-11
0.00028910502028672684,2.4174089421500897e-11
0.0002892687720378628,2.3945063352455955e-11
0.0002894325237889988,2.377829481554889e-11
0.00028959627554013475,2.35581480994482e-11
0.0002897600272912707,2.359437994192189e-11
0.0002910700413003585,2.2390360094986398e-11
0.0002912337930514945,2.2061824036048927e-11
0.0002913975448026305,2.2090299202387404e-11
0.0002915612965537665,2.177543938821465e-11
0.00029172504830490245,2.1731348808077657e-11
0.0002918888000560384,2.1574888485508178e-11
0.0002920525518071744,2.1563355532833457e-11
0.00029221630355831036,2.1390157119656416e-11
0.00029238005530944633,2.1315448081090955e-11
0.00029369006931853414,2.0207366070564667e-11
0.0002938538210696701,2.0048660394377104e-11
0.00029401757282080613,1.9863010474772487e-11
0.0002941813245719421,1.986699087436819e-11
0.00029434507632307807,1.9712163536248228e-11
0.00029450882807421404,1.9604284501051925e-11
0.00029467257982535,1.9510489956732713e-11
0.000294836331576486,1.9495793096687053e-11
0.00029500008332762194,1.906784910938515e-11
0.0002951638350787579,1.91449055630968e-11
0.0002953275868298939,1.898221948731353e-11
0.00029549133858102985,1.8821778765148356e-11
0.0002956550903321658,1.8784832491978006e-11
0.0002958188420833018,1.865154013628607e-11
0.00029598259383443776,1.861469592464381e-11
0.0002961463455855738,1.832933189209048e-11
0.00029631009733670975,1.8183485968442877e-11
0.0002964628321394142,1.8194100367364745e-11
0.00029661556694211865,1.807060591836992e-11
0.0002967683017448231,1.7800040807390352e-11
0.0002969210365475276,1.7838824188066414e-11
0.0002970737713502321,1.7708185432104946e-11
0.0002972265061529365,1.7616840364460018e-11
0.0002973792409556409,1.7416595646337827e-11
0.0002975319757583454,1.7509471636904183e-11
0.0002976847105610499,1.7514982959421305e-11
0.0002978374453637543,1.726421778489215e-11
0.0002979901801664587,1.7129598629334982e-11
0.0002981429149691632,1.681300376918461e-11
0.0002982956497718677,1.6782283249228047e-11
0.0002984483845745721,1.6725639101135386e-11
0.0002986011193772765,1.6643377509490894e-11
0.000298753854179981,1.6648378524367545e-11
0.0002989065889826855,1.65113098921361e-11
0.0002990593237853899,1.6327190895452908e-11
0.0002992120585880943,1.6281875576978773e-11
0.0002993647933907988,1.6348113508712358e-11
0.00029951752819350327,1.61432760218259e-11
0.00029967026299620775,1.606499482977712e-11
0.0002998229977989122,1.5933947827703275e-11
0.00029997573260161665,1.5896185062308158e-11
0.00030012846740432107,1.5776977197493322e-11
0.00030028120220702554,1.5592347893169656e-11
0.00030043393700973,1.5458953475949628e-11
0.0003005866718124345,1.539271554421604e-11
0.000300739406615139,1.5379549607091792e-11
0.0003008921414178434,1.5308616845065846e-11
0.0003010448762205478,1.5262485034366948e-11
0.0003011976110232523,1.4994471461589753e-11
0.00030135034582595677,1.5011617798309694e-11
0.0003015030806286612,1.5063771239166185e-11
0.0003016558154313656,1.4861791475066386e-11
0.0003018085502340701,1.4668282817798468e-11
0.00030196128503677457,1.4641440635909505e-11
0.000302114019839479,1.469818684553027e-11
0.0003022667546421834,1.4524988432353232e-11
0.0003024194894448879,1.4257076921104129e-11
0.00030257222424759237,1.4101841336871794e-11
0.0003027249590502968,1.427146759656551e-11
0.0003028776938530012,1.4221355386270914e-11
0.0003030304286557057,1.3914048125177185e-11
0.00030318316345841017,1.4096636198938954e-11
0.00030333589826111464,1.3951606767516103e-11
0.0003034886330638191,1.3989879840551694e-11
0.00030364136786652354,1.3820559765442259e-11
0.00030379410266922796,1.381290515083514e-11
0.00030394683747193244,1.3683593194738908e-11
0.0003040995722746369,1.345722072542443e-11
0.0003042523070773414,1.347998044618959e-11
0.0003048632462881592,1.3184206137770582e-11
0.00030501598109086367,1.3016110800998287e-11
0.0003051687158935681,1.3141850603611199e-11
0.0003053214506962725,1.29678356982094e-11
0.000305474185498977,1.2896800874655354e-11
0.00030562692030168146,1.2752996181569646e-11
0.0003057796551043859,1.279769913087521e-11
0.0003059323899070903,1.2738401383052076e-11
0.0003060851247097948,1.2492433100343376e-11
0.0003062507583803943,1.2532441219356575e-11
0.0003064163920509937,1.2363121144247145e-11
0.00030658202572159316,1.2389453018495624e-11
0.00030674765939219266,1.23599572368762e-11
0.0003069132930627921,1.2107763200953712e-11
0.00030707892673339154,1.2010294441623088e-11
0.00030724456040399104,1.198682029016126e-11
0.0003074101940745905,1.2057548929131025e-11
0.0003075758277451899,1.1907824667415812e-11
0.0003077414614157894,1.1756977728891558e-11
0.00030790709508638885,1.1706763457068866e-11
0.0003080727287569883,1.1721970624755005e-11
0.0003082383624275878,1.165348733940333e-11
0.00030840399609818723,1.147171575786632e-11
0.0003085696297687867,1.1541015535442753e-11
0.00030873526343938617,1.1347404816646738e-11
0.00030890089710998566,1.1369960414355708e-11
0.0003090665307805851,1.1389454166221833e-11
0.00030923216445118455,1.1307396697633535e-11
0.00030939779812178404,1.122840107488809e-11
0.00030956343179238354,1.1015194542697854e-11
0.000309729065462983,1.0968654485886577e-11
0.0003098946991335824,1.0932830889525269e-11
0.0003100603328041819,1.0743812939493522e-11
0.0003102259664747814,1.0876697049073075e-11
0.00031039160014538085,1.0713602727177434e-11
0.0003105572338159803,1.0602559784610187e-11
0.0003107228674865798,1.0551426959034641e-11
0.00031088850115717923,1.043568918617503e-11
0.00031105413482777867,1.0581535109822639e-11
0.00031121976849837816,1.0509989978628115e-11
0.0003113854021689776,1.0311888552595921e-11
0.00031155103583957705,1.0243915574884719e-11
0.00031171666951017654,1.0148590107644086e-11
0.000311882303180776,1.0273615479560335e-11
0.0003120479368513754,1.0092456267191896e-11
0.0003122135705219749,1.0072656330741486e-11
0.00031237920419257436,1.0086842883146674e-11
0.0003125448378631738,1.0027136889211162e-11
0.0003127104715337733,9.86618585940551e-12
0.00031403554089856904,9.487741713229635e-12
0.0003166856796281604,8.652266044244818e-12
0.0003168402963503284,8.58561986639885e-12
0.0003169949130724963,8.597561065185953e-12
0.00031714952979466427,8.321178447104973e-12
0.0003173041465168322,8.363431919736259e-12
0.00031745876323900017,8.361492750702457e-12
0.0003176133799611681,8.137773881118444e-12
0.00031776799668333606,8.057553520035856e-12
0.00031792261340550396,8.269943560001335e-12
0.00031807723012767185,8.035099983854978e-12
0.0003182318468498398,8.129200712758473e-12
0.00031838646357200775,8.228812764179092e-12
0.0003185410802941757,8.11368736048805e-12
0.00031869569701634365,8.002134110280327e-12
0.0003188503137385116,7.973556882413757e-12
0.0003191595471828475,7.819341913462368e-12
0.00031931416390501544,7.732283429997424e-12
0.0003194687806271834,7.669923836331442e-12
0.00031962339734935134,7.688805219028996e-12
0.0003197780140715193,7.59939932041787e-12
0.00031993263079368723,7.655022853229586e-12
0.0003200872475158552,7.661044483387185e-12
0.00032024186423802313,7.72493499997459e-12
0.000320396480960191,7.310361072853122e-12
0.0003205510976823589,7.408850447464697e-12
0.00032070571440452687,7.5527572020785e-12
0.0003208603311266948,7.506625391379609e-12
0.00032101494784886277,7.561126247382282e-12
0.0003211695645710307,7.24861384835571e-12
0.00032132418129319866,7.386294849755725e-12
0.0003214787980153666,7.163086287812187e-12
0.00032163341473753456,7.156248165429829e-12
0.0003217880314597025,7.300767289212203e-12
0.00032194264818187046,7.179518193835464e-12
0.0003220972649040384,7.142367797608923e-12
0.00032225188162620635,7.0906226028648114e-12
0.0003224064983483743,6.905380929372575e-12
0.00032256111507054225,6.914770589957305e-12
0.0003227157317927102,6.890479946270719e-12
0.0003228703485148781,6.9003799144959255e-12
0.000323024965237046,6.810565769772417e-12
0.00032317958195921394,6.899665483799261e-12
0.0003233341986813819,6.6951341814970885e-12
0.00032348881540354983,6.774231865770633e-12
0.0003236434321257178,6.52714090625289e-12
0.00032379804884788573,6.763719528376859e-12
0.0003239526655700537,6.729018608824594e-12
0.00032410728229222163,6.657677600686262e-12
0.0003242618990143896,6.452942175327899e-12
0.0003244165157365575,6.440286545844133e-12
0.00032457113245872547,6.6027684985712075e-12
0.00032472574918089337,6.4924399867006246e-12
0.0003253442160695651,6.314852927815506e-12
0.00032549883279173306,6.307300374736484e-12
0.000325653449513901,6.283622100218468e-12
0.00032580806623606895,6.2592293950037885e-12
0.0003259626829582369,6.045308432116884e-12
0.00032611729968040485,6.095318580883386e-12
0.0003262719164025728,5.970191147439041e-12
0.00032642653312474075,6.216057368619647e-12
0.00032658114984690864,5.945288134583887e-12
0.0003268842932719325,5.937735581504865e-12
0.0003271874366969563,5.923855213683959e-12
0.0003273390084094683,5.860168820152743e-12
0.0003274905801219802,6.0067291744970145e-12
0.0003276421518344921,5.858535835703225e-12
0.00032779372354700405,5.853432759298481e-12
0.000327945295259516,5.778111351564448e-12
0.0003280968669720279,5.749738246754066e-12
0.0003282484386845398,5.861495620017977e-12
0.0003284000103970518,5.547044051957603e-12
0.00032855158210956374,5.541022421800003e-12
0.00032870315382207564,5.606341799780737e-12
0.00032885472553458755,5.5821532176222475e-12
0.0003290062972470995,5.5215286699338785e-12
0.00032915786895961147,5.59889130822981e-12
0.00032930944067212337,5.530612145934324e-12
0.0003294610123846353,5.453963938335057e-12
0.00032961258409714724,5.28974693963037e-12
0.0003297641558096592,5.278520171539931e-12
0.0003299157275221711,5.333123089070701e-12
0.000330067299234683,5.330979796980708e-12
0.00033021887094719497,5.3944620674557315e-12
0.00033037044265970693,5.290665493383224e-12
0.00033052201437221883,5.214425531896337e-12
0.00033067358608473074,5.369456993072484e-12
0.0003308251577972427,5.268211957202346e-12
0.0003309767295097546,5.0983815744524396e-12
0.0003311283012222665,5.2481058361676515e-12
0.00033127987293477847,5.112466065329535e-12
0.0003314314446472904,5.175642151220275e-12
0.0003315830163598023,5.136654647488026e-12
0.00033173458807231424,5.0310209659098076e-12
0.00033188615978482614,4.986011832019958e-12
0.00033203773149733805,5.0191818286508e-12
0.00033218930320985,5.131245386498996e-12
0.0003323408749223619,5.103484650857183e-12
0.0003324924466348738,4.914670823881626e-12
0.0003326440183473858,5.0050973377737045e-12
0.00033279559005989774,4.791380497942992e-12
0.00033294716177240965,4.884868857677917e-12
0.00033309873348492155,4.825162863742403e-12
0.0003332503051974335,4.881296704194596e-12
0.00033340187690994547,4.774438284279239e-12
0.0003335534486224574,4.6698252179819704e-12
0.0003337050203349693,4.591952272045565e-12
0.00033385659204748124,4.794136159201554e-12
0.0003362817394476721,4.413956967048067e-12
0.00033644621002807903,4.2333080623200995e-12
0.000336610680608486,4.280154303715657e-12
0.00033677515118889293,4.090523984515341e-12
0.00033693962176929986,4.37629626318105e-12
0.0003371040923497068,4.300770732390826e-12
0.0003372685629301137,4.352924173247318e-12
0.0003374330335105207,4.216978217824917e-12
0.0003375975040909276,4.2507605836243275e-12
0.00033776197467133453,4.230450339533442e-12
0.0003379264452517415,4.045718973681682e-12
0.00033809091583214844,4.0075479621741905e-12
0.00033825538641255536,4.088482753953442e-12
0.0003384198569929623,3.92395957066447e-12
0.0003385843275733692,4.2282049859153555e-12
0.0003387487981537762,4.1823793598007475e-12
0.0003389132687341831,4.03653343615314e-12
0.0003415447980206941,3.700955131777121e-12
0.00034170926860110104,3.834247487469056e-12
0.000341873739181508,3.6412491378416086e-12
0.00034203820976191494,3.735758112857482e-12
0.00034220268034232187,3.6038946185588756e-12
0.0003423671509227288,3.5056093670034904e-12
0.0003425316215031357,3.4643765096531527e-12
0.0003426960920835427,3.612161602334563e-12
0.0003428605626639496,3.5023433981044548e-12
0.00034302503324435654,3.5706225603999393e-12
0.0003431895038247635,3.5883812662884517e-12
0.00034335397440517045,3.6286955698859356e-12
0.00034351844498557737,3.4304920823256475e-12
0.0003436829155659843,3.3946684859643392e-12
0.0003438473861463912,3.3418006144111827e-12
0.0003440118567267982,3.314958432522225e-12
0.0003441763273072051,3.3390449531526207e-12
0.00034434079788761205,3.217999980832074e-12
0.000344505268468019,3.2950564345437206e-12
0.00034466973904842595,3.2235113033491984e-12
0.0003448342096288329,3.323531600882196e-12
0.0003449986802092398,3.2490266853729217e-12
0.0003451631507896467,3.396811778054332e-12
0.0003453276213700537,3.2854626509027997e-12
0.0003454920919504606,3.292402834813253e-12
0.00034565656253086755,3.260151391935266e-12
0.0003458210331112745,3.1951381985388176e-12
0.00034598550369168145,3.242188562990564e-12
0.0003461499742720884,3.2059567205168757e-12
0.0003463144448524953,3.1753382620884077e-12
0.0003464789154329022,3.1559465717503767e-12
0.0003466433860133092,3.1187961755238346e-12
0.0003468078565937161,3.04449538307075e-12
0.0003469613102256915,3.025409877317005e-12
0.00034711476385766694,3.028267600103662e-12
0.00034726821748964237,3.2116721660901907e-12
0.0003474216711216178,2.8470063262071262e-12
0.00034757512475359323,2.9472307467963147e-12
0.0003477285783855686,2.9864223735847544e-12
0.000347882032017544,3.0812375331849127e-12
0.0003480354856495194,2.912019519603575e-12
0.00034818893928149485,3.027757292463187e-12
0.0003483423929134703,3.0833808252749057e-12
0.0003484958465454457,2.9432503472006134e-12
0.0003486493001774211,2.9175308421206996e-12
0.00034880275380939647,2.97131726742671e-12
0.0003489562074413719,2.845577464813798e-12
0.00034910966107334733,2.9176329036487947e-12
0.00034926311470532276,2.808325007059161e-12
0.0003494165683372982,2.768112764989772e-12
0.0003495700219692736,2.7389231679546317e-12
0.00034972347560124906,2.9584575148867526e-12
0.00034987692923322443,2.671562559412e-12
0.0003500303828651998,2.9978532647313828e-12
0.00035018383649717524,2.8412908806338124e-12
0.0003503372901291507,2.739433475595106e-12
0.0003504907437611261,2.6886068346038476e-12
0.00035064419739310154,2.6583966222877585e-12
0.00035079765102507697,2.8439444803642795e-12
0.0003509511046570524,2.7730117183383267e-12
0.0003511045582890278,2.838126973262871e-12
0.00035125801192100316,2.7694395648550055e-12
0.0003514114655529786,2.7230015695718277e-12
0.000351564919184954,2.63277917873594e-12
0.00035171837281692945,2.75014993604507e-12
0.0003518718264489049,2.6660512368948756e-12
0.0003520252800808803,2.723716000268492e-12
0.00035217873371285575,2.721572708178499e-12
0.0003523321873448311,2.6517626229615898e-12
0.0003524856409768065,2.628084348443574e-12
0.00035263909460878193,2.5160207905953786e-12
0.00035279254824075736,2.746781905617938e-12
0.0003529460018727328,2.513469252393006e-12
0.0003530994555047082,2.5511299562600223e-12
0.00035325290913668366,2.5947102287565435e-12
0.0003534063627686591,2.478258025200267e-12
0.00035355981640063447,2.586034998868477e-12
0.00035371327003260985,2.6278802253873843e-12
0.0003538667236645853,2.4210015079390303e-12
0.0003540201772965607,2.530411466056759e-12
0.00035417363092853614,2.4293705532428114e-12
0.0003547874454564378,2.4391684599399216e-12
0.0003554012599843395,2.432126214501374e-12
0.0003555547136163149,2.3765026816896557e-12
0.0003557081672482903,2.3944655106343574e-12
0.00035586162088026567,2.3262884098669666e-12
0.0003560150745122411,2.4165108007028545e-12
0.00035616852814421653,2.3598666526101872e-12
0.00035632198177619197,2.2924039825394614e-12
0.0003564754354081674,2.436514860209454e-12
0.0003566288890401428,2.3608872678911364e-12
0.00035679524154001317,2.3207770873498426e-12
0.0003569615940398836,2.241577341548203e-12
0.00035712794653975407,2.2789318608309346e-12
0.0003572942990396245,2.3433326850588145e-12
0.000357460651539495,2.24402681822248e-12
0.00035762700403936537,2.2082032218611724e-12
0.00035779335653923577,2.238413434177261e-12
0.0003579597090391062,2.319450287484609e-12
0.00035812606153897667,2.3207770873498426e-12
0.00035829241403884706,2.309856503843688e-12
0.00035845876653871746,2.147272489588519e-12
0.0003586251190385879,2.204222822265471e-12
0.00035879147153845836,2.2067743604678434e-12
0.00035895782403832876,2.1771765173203234e-12
0.00035912417653819915,2.25882573979624e-12
0.0003592905290380696,2.0144904415370587e-12
0.000360621349037033,1.9949966896709343e-12
0.0003619521690359964,2.0104079804132636e-12
0.0003621185215358668,1.9106938674645502e-12
0.0003622848740357372,2.0659294516968867e-12
0.0003624512265356076,1.9637658620738956e-12
0.00036261757903547807,1.9363113110163686e-12
0.0003627839315353485,1.8985485456212574e-12
0.0003629502840352189,1.943557679511106e-12
0.0003631166365350893,1.9494772481406106e-12
0.00036328298903495976,1.894670207553651e-12
0.0003634493415348302,1.960806077759144e-12
0.0003636156940347006,1.882626947238453e-12
0.000363782046534571,1.8251663069210265e-12
0.00036394839903444145,1.824553937752458e-12
0.0003641147515343119,1.8003653555939669e-12
0.0003642811040341823,1.897323807284119e-12
0.0003644474565340527,1.7869952954135358e-12
0.00036461380903392315,1.9019165760483885e-12
0.0003647801615337936,1.6960584738809832e-12
0.000364946514033664,1.906917590925038e-12
0.0003651128665335344,1.840883782247641e-12
0.00036527921903340484,1.6836069674534061e-12
0.0003654455715332753,1.709836780173794e-12
0.0003656119240331457,1.7414758538832121e-12
0.0003657782765330161,1.8116941852125008e-12
0.00036594462903288653,1.843741505034298e-12
0.000366110981532757,1.7338212392760948e-12
0.0003662773340326274,1.706264626690473e-12
0.0003664436865324978,1.7585201290750594e-12
0.00036661003903236823,1.537863105333894e-12
0.0003667763915322387,1.7930169255711345e-12
0.00036694274403210913,1.706060503634283e-12
0.0003671090965319796,1.6749317375653398e-12
0.00036727544903185,1.6290040499226363e-12
0.0003674307845832888,1.6571730316768276e-12
0.00036758612013472773,1.5793000857404222e-12
0.00036774145568616663,1.7291264089837296e-12
0.00036789679123760553,1.6745234914529602e-12
0.00036805212678904444,1.6369648491140384e-12
0.00036820746234048334,1.6013453758089198e-12
0.00036836279789192225,1.654009124305886e-12
0.00036851813344336115,1.6649297078120398e-12
0.00036867346899480005,1.590322730774671e-12
0.00036882880454623896,1.5048972317592428e-12
0.00036898414009767786,1.6841172750938807e-12
0.00036913947564911676,1.734637731500854e-12
0.00036929481120055567,1.5997123913594012e-12
0.00036945014675199457,1.628187557697877e-12
0.0003696054823034335,1.5281672601648792e-12
0.0003697608178548724,1.6414555563502137e-12
0.0003699161534063113,1.5430682432667339e-12
0.0003700714889577502,1.672482260891062e-12
0.0003702268245091891,1.4689715738698395e-12
0.000370382160060628,1.5937928227298974e-12
0.0003705374956120669,1.5681753791780782e-12
0.0003706928311635058,1.4886694487921542e-12
0.0003708481667149447,1.4150830870357344e-12
0.0003710035022663836,1.6347194954959507e-12
0.0003711588378178225,1.6578874623734921e-12
0.0003713141733692614,1.3084287901765679e-12
0.0003714695089207003,1.7331068085794303e-12
0.0003716248444721392,1.4191655481595304e-12
0.0003717801800235781,1.5956299302356057e-12
0.00037193551557501703,1.4135521641143108e-12
0.00037209085112645593,1.4214109017776178e-12
0.00037224618667789484,1.400386226990069e-12
0.00037240152222933374,1.3429255866726428e-12
0.00037255685778077264,1.5682774407061735e-12
0.00037271219333221155,1.5014271398040164e-12
0.00037286752888365045,1.551233165514326e-12
0.00037302286443508935,1.4563159443860723e-12
0.00037317819998652826,1.4954055096464177e-12
0.00037333353553796716,1.4059996110352884e-12
0.00037348887108940606,1.3309843878855402e-12
0.00037364420664084497,1.4356995157109032e-12
0.00037379954219228387,1.5155116306811122e-12
0.0003739548777437228,1.385791428472499e-12
0.0003741102132951617,1.38017804442728e-12
0.0003742655488466006,1.290772145816151e-12
0.0003744208843980395,1.3439462019535916e-12
0.0003745762199494784,1.5177569842991996e-12
0.0003747315555009173,1.3700739531458853e-12
0.0003748868910523562,1.4135521641143108e-12
0.0003750422266037951,1.4090614568781355e-12
0.000375197562155234,1.4141645332828803e-12
0.0003753528977066729,1.2782185778604788e-12
0.0003755082332581118,1.1610519436075378e-12
0.0003756635688095507,1.3311885109417297e-12
0.0003758189043609896,1.165848835427998e-12
0.0003759742399124285,1.251172272915331e-12
0.0003761295754638674,1.4885673872640593e-12
0.00037628491101530633,1.2377001512068048e-12
0.00037644024656674523,1.1651344047313338e-12
0.00037659558211818414,1.3816069058206085e-12
0.00037675091766962304,1.215756922666402e-12
0.00037690625322106194,1.3116947590756047e-12
0.00037706158877250085,1.202284800957876e-12
0.00037721692432393975,1.2932216224904283e-12
0.00037736921486572267,1.3230235886941378e-12
0.0003775215054075055,1.1437014838314054e-12
0.0003776737959492884,1.3702780762020748e-12
0.0003778260864910713,1.2951607915242312e-12
0.0003779783770328542,1.2910783304004355e-12
0.0003781306675746371,1.303223652243728e-12
0.00037828295811641994,1.1370674845052375e-12
0.00037843524865820285,1.2746464243771572e-12
0.00037858753919998577,1.178504464911765e-12
0.0003787398297417686,1.3087349747608526e-12
0.0003788921202835515,1.344864755706446e-12
0.0003790444108253344,1.2806680545347561e-12
0.0003791967013671173,1.2331073824425346e-12
0.00037934899190890023,1.2859752539956907e-12
0.00037950128245068315,1.0882820740758772e-12
0.000379653572992466,1.172993142394641e-12
0.00037980586353424887,1.2736258090962082e-12
0.0003799581540760318,1.2348424284201475e-12
0.0003801104446178147,1.1342097617185802e-12
0.0003802627351595976,1.2252486447792276e-12
0.0003804150257013805,1.2374960281506149e-12
0.0003805673162431634,1.1998353242835986e-12
0.00038071960678494625,1.1438035453595005e-12
0.00038087189732672916,1.1035913032901114e-12
0.0003810241878685121,1.3059793135022903e-12
0.00038117647841029494,1.102978934121542e-12
0.0003813287689520778,1.0466409706131595e-12
0.0003814810594938607,1.1319644081004926e-12
0.0003817856405774265,1.1339035771342955e-12
0.00038209022166099226,1.1199211477852948e-12
0.0003822425122027752,1.1507437292699535e-12
0.00038239480274455804,1.1399252072918944e-12
0.0003825470932863409,1.2596433797472075e-12
0.0003826993838281238,1.2135115690483146e-12
0.00038285167436990673,1.1672776968213266e-12
0.0003830039649116896,1.2528052573648495e-12
0.00038315625545347245,1.0621543228835836e-12
0.00038330854599525537,1.1591127745737349e-12
0.00038361312707882114,1.164930281675144e-12
0.0003839177081623869,1.165848835427998e-12
0.00038406999870416983,1.3058772519741953e-12
0.00038422228924595275,1.1545200058094645e-12
0.00038437457978773566,1.1078778874700972e-12
0.0003845268703295185,1.1359448076961933e-12
0.0003846791608713014,1.1811580646422325e-12
0.0003848314514130843,1.2037136623512044e-12
0.0003849837419548672,1.239639320240608e-12
0.0003851360324966501,1.1203293938976743e-12
0.00038528832303843304,1.2134095075202197e-12
0.0003854406135802159,1.0964469963234687e-12
0.00038559290412199876,1.2422929199710751e-12
0.0003857451946637817,9.90098884048587e-13
0.0003858974852055646,1.247498057903915e-12
0.00038604977574734745,1.0048978056223467e-12
0.0003862020662891303,1.1405375764604638e-12
0.00038635435683091323,9.83158700138134e-13
0.00038650664737269614,9.514175649006213e-13
0.000386658937914479,1.1156345636053094e-12
0.00038681122845626186,1.0082658360494783e-12
0.0003869635189980448,1.1390066535390404e-12
0.0003871287084077227,1.1021624418967828e-12
0.0003872938978174006,9.699927630138924e-13
0.00038745908722707847,1.0373533715565238e-12
0.0003876242766367564,1.0025503904761644e-12
0.0003877894660464343,9.978555601837992e-13
0.00038795465545611216,1.0411296480960352e-12
0.0003881198448657901,9.196764296631087e-13
0.000388285034275468,1.1758508651812979e-12
0.00038845022368514585,1.0319441105674943e-12
0.0003886154130948238,9.060001848983928e-13
0.00038878060250450167,1.0873635203230228e-12
0.00038894579191417955,1.1034892417620167e-12
0.0003891109813238575,1.0013256521390255e-12
0.00038927617073353536,1.0576636156474081e-12
0.00038944136014321324,8.647673275480546e-13
0.00038960654955289117,9.970390679590399e-13
0.0003897717389625691,1.0371492485003341e-12
0.000389936928372247,9.982638062961787e-13
0.00039010211778192487,9.766267623400605e-13
0.0003902673071916028,1.0791985980754313e-12
0.0003904324966012807,9.525402417096652e-13
0.00039059768601095856,1.0108173742518507e-12
0.0003907628754206365,8.813012950994276e-13
0.00039092806483031437,9.44987688630643e-13
0.00039109325423999225,9.343732897087734e-13
0.0003912584436496702,9.835669462505133e-13
0.00039142363305934806,9.134506764493197e-13
0.00039158882246902594,9.632567021596294e-13
0.0003917540118787039,9.225341524497655e-13
0.00039191920128838175,7.934263194097223e-13
0.00039208439069805963,7.82913982015948e-13
0.00039224958010773757,8.770147109194421e-13
0.0003924147695174155,7.121853430461849e-13
0.0003925799589270934,9.065104925388671e-13
0.00039274514833677126,7.639305377902972e-13
0.0003929103377464492,7.675026912736185e-13
0.00039307552715612707,7.433141091151284e-13
0.00039324071656580495,8.321076385576878e-13
0.0003934059059754829,8.355777305129142e-13
0.00039357109538516076,6.569700563468461e-13
0.00039373628479483864,6.365577507278669e-13
0.0003939014742045166,8.646652660199596e-13
0.00039406666361419446,7.830160435440428e-13
0.00039423185302387234,8.050613336125404e-13
0.00039439704243355027,7.86894381611649e-13
0.00039456223184322815,6.848328535167527e-13
0.00039472742125290603,6.58194794683985e-13
0.00039489261066258396,8.588477589185506e-13
0.0003950578000722619,6.789132848872488e-13
0.0003952229894819398,6.753411314039276e-13
0.00039538817889161765,7.63216107093633e-13
0.0003955533683012956,7.205543883499666e-13
0.00039571855771097347,7.790356439483417e-13
0.00039588374712065135,8.022036108258832e-13
0.0003960489365303293,7.757696750493052e-13
0.00039621412594000716,6.608483944144522e-13
0.00039637931534968504,7.523975851155741e-13
0.00039654450475936297,7.712789678131297e-13
0.00039670969416904085,7.742387521278818e-13
0.00039687488357871873,5.651146810614396e-13
0.00039704007298839666,7.385172172946681e-13
0.00039720526239807454,6.490092571554443e-13
0.0003973704518077524,6.348227047502538e-13
0.00039753564121743036,8.026118569382627e-13
0.00039768981367867674,6.330876587726405e-13
0.00039784398613992313,5.928754167032513e-13
0.0003979981586011695,6.235959366598151e-13
0.0003981523310624159,6.808524539210519e-13
0.0003983065035236623,5.799136026351996e-13
0.0003984606759849087,6.915689143710158e-13
0.00039861484844615506,7.157574965295062e-13
0.0003987690209074014,6.727895932015551e-13
0.00039892319336864773,6.933039603486292e-13
0.0003990773658298941,6.671762091563358e-13
0.0003992315382911405,6.02060954231792e-13
0.0003993857107523869,6.008362158946533e-13
0.0003995398832136333,6.477845188183055e-13
0.00039969405567487966,6.07980522861296e-13
0.00039984822813612605,6.851390381010374e-13
0.00040000240059737244,6.149207067717491e-13
0.0004001565730586188,6.824854383705702e-13
0.0004003107455198652,6.178804910865009e-13
0.0004004649179811116,5.868537865456524e-13
0.00040061909044235793,6.33597966413115e-13
0.00040077326290360426,5.531734822743368e-13
0.00040092743536485065,5.064293024068744e-13
0.00040108160782609704,5.407219758467595e-13
0.0004012357802873434,4.887726580464573e-13
0.0004013899527485898,5.261271773291894e-13
0.0004015441252098362,5.61848712162403e-13
0.0004016982976710826,5.102055789463856e-13
0.00040185247013232897,5.459271137795992e-13
0.00040200664259357536,4.995911800245163e-13
0.00040216081505482174,5.350065302734453e-13
0.00040231498751606813,4.849963815069462e-13
0.00040246915997731446,5.190849318906415e-13
0.0004026233324385608,4.725448750793689e-13
0.0004027775048998072,5.029592104516479e-13
0.00040293167736105357,4.598892455956016e-13
0.00040308584982229995,5.743002185899803e-13
0.00040324002228354634,5.22452962317773e-13
0.00040339419474479273,4.830572124731432e-13
0.0004035483672060391,5.118385633959038e-13
0.0004037025396672855,4.654005681127261e-13
0.0004038567121285319,5.010200414178449e-13
0.0004040108845897783,4.530511232132437e-13
0.00040416505705102466,4.883644119340778e-13
0.000404319229512271,5.203096702277803e-13
0.0004044734019735173,4.740757980007923e-13
0.0004046275744347637,4.279439873018993e-13
0.0004047817468960101,5.434776371053217e-13
0.0004049359193572565,4.937736729231073e-13
0.0004050900918185029,4.4580475471850614e-13
0.00040524426427974926,4.797912435741064e-13
0.00040539843674099565,4.334553098190237e-13
0.00040555260920224203,4.688706600679527e-13
0.0004057067816634884,5.010200414178449e-13
0.0004058609541247348,4.562150305841855e-13
0.0004060151265859812,4.882623504059829e-13
0.0004061692990472275,4.4213053970708985e-13
0.00040632347150847386,4.757087824503107e-13
0.00040647764396972025,5.093890867216265e-13
0.00040663181643096663,4.629510914384487e-13
0.000406785988892213,4.1702340379574545e-13
0.0004069401613534594,4.5080576959515604e-13
0.0004070943338147058,4.011018054129416e-13
0.0004072485062759522,5.14594224654466e-13
0.00040740267873719857,4.719325059107996e-13
0.00040756975006633997,5.016324105864142e-13
0.0004077368213954813,4.49887215842302e-13
0.0004079038927246227,4.794850589898217e-13
0.0004080709640537641,4.29168725639038e-13
0.0004082380353829055,4.605016147641711e-13
0.0004084051067120469,4.867314274845595e-13
0.0004085721780411883,4.369254017742501e-13
0.00040873924937032965,4.664211833936752e-13
0.000408906320699471,4.181460806047893e-13
0.0004090733920286124,4.4406970874089283e-13
0.0004092404633577538,3.9773377498581007e-13
0.0004094075346868952,4.255965721557167e-13
0.0004095746060160366,4.566232766965651e-13
0.00040974167734517797,4.050822050086426e-13
0.0004099087486743193,4.362109710775859e-13
0.00041007582000346073,3.8487402244585313e-13
0.00041141239063659186,3.811998074344369e-13
0.00041274896126972295,3.806894997939625e-13
0.00041408553190285403,3.783420846477798e-13
0.00041542210253598516,3.777297154792104e-13
0.00041558917386512657,3.287401819936603e-13
0.0004157562451942679,3.579297790288006e-13
0.0004160903878525507,3.3751747340982137e-13
0.0004162574591816921,2.8852793992427125e-13
0.0004164245305108335,3.1588042945370335e-13
0.0004165916018399749,3.4833599538788034e-13
0.00041675867316911624,2.993464619023302e-13
0.0004169257444982576,3.2833193588128073e-13
0.000417092815827399,2.793424023957306e-13
0.0004172598871565404,3.1006292235229433e-13
0.0004174269584856818,3.4078344230885806e-13
0.0004175940298148232,2.9179390882330794e-13
0.00041776110114396457,3.174113523751269e-13
0.0004179281724731059,2.699527418110002e-13
0.0004180952438022473,2.9883615426185577e-13
0.0004182592701217327,3.851802070301379e-13
0.00041842329644121805,3.14247445004185e-13
0.00041875134908018883,3.278216282408063e-13
0.0004189153753996742,3.347618121512592e-13
0.0004190794017191596,2.6209400414769315e-13
0.00041924342803864497,3.4864217997216505e-13
0.00041940745435813033,3.5507205624214345e-13
0.0004195714806776157,2.8260837129476725e-13
0.00041973550699710106,2.908753550704539e-13
0.0004198995333165865,3.012856309361333e-13
0.00042006355963607184,3.080216917903964e-13
0.0004202275859555572,3.131247681951412e-13
0.0004203916122750426,3.2169793655511246e-13
0.000420555638594528,3.285360589374705e-13
0.00042071966491401334,2.5923628136103606e-13
0.0004208836912334987,2.643393577657809e-13
0.00042104771755298407,3.4874424150026e-13
0.0004212117438724695,3.5527617929833327e-13
0.00042137577019195485,2.84853724912855e-13
0.0004215397965114402,2.914877242390232e-13
0.0004217038228309256,3.0169387704851285e-13
0.000421867849150411,3.1179796832990754e-13
0.00042203187546989635,3.1526806028513396e-13
0.0004221959017893817,3.2016701363368903e-13
0.0004223599281088671,3.287401819936603e-13
0.0004225239544283525,2.616857580353136e-13
0.00042268798074783786,2.667888344400584e-13
0.0004228520070673232,2.7525994127193475e-13
0.00042301603338680863,2.837310481038111e-13
0.000423180059706294,2.903650474299794e-13
0.00042334408602577936,2.971011082842425e-13
0.0004235081123452647,3.0577633817230876e-13
0.0004236721386647501,2.352518222587355e-13
0.0004238361649842355,2.4208994464109354e-13
0.00042400019130372086,3.259845207350981e-13
0.0004241642176232062,3.3404738145459485e-13
0.00042432824394269164,2.6403317318149623e-13
0.000424492270262177,2.7230015695718273e-13
0.00042465629658166237,2.756681873843143e-13
0.00042482032290114773,2.089199480102523e-13
0.0004249843492206331,2.926104010480671e-13
0.00042531240185960387,3.075113841499219e-13
0.00042547642817908923,2.342312069777866e-13
0.00042564045449857465,2.443352982591813e-13
0.00042580448081806,2.5352083578772194e-13
0.0004259685071375454,3.3782365799410604e-13
0.00042613253345703074,2.66176465271489e-13
0.0004262965597765161,2.737290183505113e-13
0.0004264605860960015,2.847516633847601e-13
0.0004266246124154869,2.12185916909289e-13
0.00042678863873497224,2.1810548553879295e-13
0.00042695266505445766,3.038371691385057e-13
0.000427116691373943,3.0965467623991473e-13
0.0004272807176934284,2.432126214501374e-13
0.00042744474401291375,2.490301285515465e-13
0.0004276087703323991,2.5494969718105043e-13
0.00042777279665188447,2.6587028068720433e-13
0.00042793682297136983,2.725042800133725e-13
0.0004281008492908552,2.799547715643e-13
0.00042826487561034056,2.0779727120120845e-13
0.000428428901929826,2.1524776275213584e-13
0.00042859292824931134,2.2290237735925307e-13
0.00042874593762036515,2.7577024891240925e-13
0.000428898946991419,2.5443938954057594e-13
0.0004290519563624729,3.0883818401515557e-13
0.00042920496573352676,2.087158249540625e-13
0.00042935797510458063,1.8462930432366702e-13
0.00042951098447563445,3.1465569111656463e-13
0.00042966399384668826,2.898547397895049e-13
0.00042981700321774213,2.6689089596815327e-13
0.000429970012588796,2.463765288210791e-13
0.0004301230219598499,2.980196620370966e-13
0.00043027603133090374,1.989179182569525e-13
0.00043042904070195756,2.5433732801248105e-13
0.0004305820500730114,2.280054537639979e-13
0.00043073505944406525,2.836289865757162e-13
0.0004308880688151191,2.571950507991382e-13
0.000431041078186173,2.3402708392159673e-13
0.00043119408755722686,2.8883412450855596e-13
0.0004313470969282807,1.908550575374557e-13
0.0004315001062993346,1.6717678301943978e-13
0.0004316531156703884,2.9924440037423537e-13
0.0004318061250414422,2.702589263952848e-13
0.0004319591344124961,2.480095132705975e-13
0.00043211214378354997,2.244333002806765e-13
0.00043226515315460384,2.833228019914315e-13
0.0004324181625256577,1.8391487362700275e-13
0.0004325711718967115,2.322920379439835e-13
0.00043272418126776534,2.1004262481929616e-13
0.0004328771906388192,2.638290501253064e-13
0.0004330302000098731,2.452538520120353e-13
0.00043318320938092695,2.191261008197419e-13
0.0004333362187519808,2.716877877886134e-13
0.00043348922812303463,2.4882600549535665e-13
0.00043364223749408845,2.2504566944924586e-13
0.0004337952468651423,2.0208182562789428e-13
0.0004339482562361962,2.539290819001015e-13
0.00043410126560725006,2.3116936113493964e-13
0.00043425427497830393,2.8648670936237337e-13
0.00043440728434935774,2.600527735857952e-13
0.00043456029372041156,2.4076314477585984e-13
0.00043471330309146543,2.1698280872974907e-13
0.0004348663124625193,2.695444956986206e-13
0.00043501932183357317,2.443352982591813e-13
0.00043517233120462704,2.241271156963918e-13
0.00043532534057568085,2.012653334031351e-13
0.00043547834994673467,2.545414510686709e-13
0.00043563135931778854,2.2841369987637744e-13
0.0004357843686888424,2.0728696356073396e-13
0.0004359373780598963,2.5893009677675134e-13
0.00043609038743095015,2.3617037601158954e-13
0.000436243396802004,2.1422714747118687e-13
0.0004363964061730579,2.684218188895767e-13
0.0004365494155441117,2.4474354437156085e-13
0.00043716145302832713,2.2902606904494677e-13
0.000437314462399381,2.0555191758312072e-13
0.0004374674717704348,1.8534373502033132e-13
0.00043762048114148863,2.383136681015824e-13
0.0004377734905125425,2.1504363969594606e-13
0.00043792649988359637,1.940189649083975e-13
0.00043807950925465024,2.462744672929843e-13
0.0004382325186257041,2.218817620783041e-13
0.0004383855279967579,2.0004059506599633e-13
0.00043855143623570676,2.491321900796413e-13
0.00043871734447465565,1.4492736989475245e-13
0.00043888325271360454,1.9657050311076986e-13
0.00043904916095255337,1.7197367483989988e-13
0.0004392150691915022,2.1871785470736233e-13
0.0004393809774304511,1.904468114250761e-13
0.0004395468856694,1.6421699870468783e-13
0.0004397127939083488,1.3962017043381786e-13
0.00043987870214729765,1.8860970391936798e-13
0.00044004461038624654,1.6421699870468783e-13
0.00044021051862519543,2.0983850176310635e-13
0.00044037642686414426,1.8340456598652825e-13
0.0004405423351030931,2.3167966877541413e-13
0.000440708243342042,1.302305098490874e-13
0.0004408741515809909,1.8095508931225075e-13
0.0004410400598199397,1.5370466131091351e-13
0.00044120596805888855,2.0279625632455853e-13
0.00044137187629783743,1.7299429012084885e-13
0.0004415377845367863,1.4941807713092788e-13
0.00044170369277573516,1.2420887969148855e-13
0.000441869601014684,1.705448134465714e-13
0.0004420355092536329,1.4625416975998608e-13
0.00044220141749258177,1.9391690338030255e-13
0.0004423673257315306,1.688097674689581e-13
0.00044253323397047944,2.1514570122404095e-13
0.0004426991422094283,1.156357113315173e-13
0.0004428650504483772,1.6462524481706742e-13
0.00044303095868732605,1.383954320966791e-13
0.0004431968669262749,1.8636435030128028e-13
0.00044336277516522377,1.5850155313137364e-13
0.00044352868340417266,1.350274016695475e-13
0.0004436945916431215,1.845272427955721e-13
0.00044386049988207033,1.541129074232931e-13
0.0004440264081210192,2.0555191758312072e-13
0.0004441923163599681,1.7942416639082732e-13
0.00044435822459891694,2.2708690001114379e-13
0.0004445241328378658,1.2737278706243033e-13
0.00044469004107681467,1.7677056666036003e-13
0.00044485594931576355,1.490098310185483e-13
0.0004450218575547124,1.9687668769505455e-13
0.0004451877657936612,1.7411696692989272e-13
0.0004453536740326101,2.2106526985354492e-13
0.000445519582271559,1.2053466468007228e-13
0.00044568549051050783,1.6809533677229383e-13
0.00044585139874945667,1.4380469308570857e-13
0.00044601730698840556,1.9054887295317102e-13
0.00044618321522735445,1.6370669106421332e-13
0.0004463491234663033,2.1228797843738389e-13
0.0004465150317052521,1.1104294256724694e-13
0.000446680939944201,1.6197164508660008e-13
0.0004468468481831499,1.353335862538322e-13
0.0004470127564220987,1.8371075057081295e-13
0.00044717866466104756,1.595221684123226e-13
0.00044734457289999645,1.3288410957955472e-13
0.00044751048113894534,1.0787903519630517e-13
0.0004476763893778942,1.5686856868185527e-13
0.000447842297616843,1.2849546387147418e-13
0.0004480082058557919,1.7585201290750596e-13
0.0004481741140947408,1.5013250782759213e-13
0.0004483400223336896,1.2420887969148855e-13
0.00044850593057263845,9.746875933062577e-14
0.00044867183881158734,1.4421293919808818e-13
0.00044883774705053623,1.958560724141056e-13
0.00044900365528948507,1.7003450580609687e-13
0.00044915854658000235,1.8595610418890067e-13
0.0004493134378705197,1.3267998652336492e-13
0.00044946832916103704,1.515613692209207e-13
0.0004496232204515544,1.688097674689581e-13
0.0004497781117420717,1.1614601897199176e-13
0.00044993300303258906,1.3247586346717514e-13
0.0004500878943231064,8.001623802639853e-14
0.00045024278561362375,9.889762072395431e-14
0.0004503976769041411,1.897323807284118e-13
0.00045055256819465843,1.3298617110764964e-13
0.00045070745948517577,1.5094900005235132e-13
0.0004508623507756931,1.7146336719942544e-13
0.00045101724206621046,1.141047884100938e-13
0.0004511721333567278,1.3461915555716796e-13
0.00045132702464724514,1.5227579991758497e-13
0.0004514819159377625,9.848937461157475e-14
0.0004516368072282798,1.146150960505683e-13
0.00045179169851879716,1.3574183236621178e-13
0.0004519465898093145,8.124097636353729e-14
0.00045210148109983185,1.7095305955895097e-13
0.0004522563723903492,1.8697671946984964e-13
0.00045241126368086653,1.3400678638859855e-13
0.0004525661549713839,1.5278610755805946e-13
0.0004527210462619012,1.704427519184765e-13
0.00045287593755241856,1.1675838814056114e-13
0.0004530308288429359,1.3645626306287605e-13
0.00045318572013345324,1.5247992297377475e-13
0.0004533406114239706,9.869349766776452e-14
0.0004534955027144879,1.1839137259007946e-13
0.00045365039400500527,6.286990130645599e-14
0.0004538052852955226,1.5207167686139514e-13
0.00045396017658603995,1.7340253623322848e-13
0.0004541150678765573,1.1624808050008667e-13
0.00045426995916707463,1.3482327861335773e-13
0.000454424850457592,1.5360259978281862e-13
0.0004545797417481093,9.91017437801441e-14
0.00045473463303862666,1.1767694189341522e-13
0.000454889524329144,1.3543564778192712e-13
0.00045504441561966134,8.277189928496073e-14
0.0004551993069101787,1.0144915892632672e-13
0.000455354198200696,1.2084084926435697e-13
0.00045550908949121337,1.3604801695049647e-13
0.0004556639807817307,1.5360259978281862e-13
0.00045581887207224805,1.7493345915465193e-13
0.0004559737633627654,1.1726869578103558e-13
0.00045612865465328274,1.358438938943067e-13
0.0004562835459438001,1.5513352270424206e-13
0.0004564384372343174,1.0093885128585223e-13
0.00045767756755845615,9.950998989252368e-14
0.00045891669788259483,1.0328626643203484e-13
0.0004637757788701573,1.0389863560060423e-13
0.00046863485985771986,1.0604192769059704e-13
0.00046879960500647623,1.0073472822966245e-13
0.00046896435015523255,9.369248279111461e-14
0.00046912909530398886,8.84873448582749e-14
0.00046929384045274523,1.5319435367043904e-13
0.00046945858560150155,7.675026912736187e-14
0.00046962333075025787,7.062657744166808e-14
0.00046978807589901424,6.613587020549266e-14
0.00046995282104777056,5.909362476694484e-14
0.0004701175661965269,1.2278001829816e-13
0.00047028231134528325,4.674417986746241e-14
0.00047044705649403957,4.2253472631286983e-14
0.0004706118016427959,1.0767491214011538e-13
0.00047077654679155226,3.16390737094178e-14
0.0004709412919403086,9.614195946539213e-14
0.0004711060370890649,9.103888306064731e-14
0.00047127078223782126,8.471106831876376e-14
0.00047143552738657763,7.960799191401895e-14
0.00047160027253533395,1.4145727793952598e-13
0.00047176501768409027,6.889153146405487e-14
0.00047192976283284664,1.3074081748956188e-13
0.00047209450798160296,5.827713254218567e-14
0.0004722592531303593,5.205137932839701e-14
0.00047242399827911565,1.1400272688199894e-13
0.00047258874342787197,4.072254970986353e-14
0.0004727534885766283,1.0481718935345828e-13
0.00047291823372538466,9.879555919585941e-14
0.000473082978874141,2.3065905349446513e-14
0.0004732477240228973,8.644611429637698e-14
0.00047341246917165366,8.11389148354424e-14
0.00047357721432041,7.491316162165373e-14
0.0004737419594691663,7.052451591357319e-14
0.00047390670461792267,1.3645626306287605e-13
0.00047407144976667904,6.00121785197989e-14
0.00047423619491543536,1.2400475663529875e-13
0.00047456568521294805,1.1175737326391123e-13
0.00047473043036170437,1.0655223533107152e-13
0.0004748951755104607,3.357824274322081e-14
0.00047505992065921706,9.512134418444315e-14
0.00047522466580797337,8.797703721780042e-14
0.0004753894109567297,8.358839150971989e-14
0.00047555415610548606,7.919974580163937e-14
0.0004757189012542424,7.307605411594561e-14
0.0004758836464029987,6.75647315988212e-14
0.00047604839155175507,6.419670117168963e-14
0.0004762131367005114,5.817507101409077e-14
0.0004763778818492677,5.2153440856491904e-14
0.0004765426269980241,1.1339035771342955e-13
0.0004767073721467804,4.143698040652781e-14
0.0004768721172955367,3.541535024892894e-14
0.0004770368624442931,9.746875933062577e-14
0.0004772016075930494,2.408652063039548e-14
0.0004773663527418057,8.858940638636982e-14
0.0004775310978905621,8.083273025115771e-14
0.0004776958430393184,7.562759231831799e-14
0.0004778605881880747,7.10348235540477e-14
0.0004780253333368311,1.3410884791669346e-13
0.0004781900784855874,5.6440025036477546e-14
0.00047835482363434373,5.633796350838264e-14
0.0004785195687831001,4.858128737317053e-14
0.0004786843139318564,4.0824611237958434e-14
0.00047884905908061274,1.0665429685916641e-13
0.0004790138042293691,3.1945258293702477e-14
0.00047917854937812543,9.471309807206357e-14
0.0004793322775784502,6.429876269978455e-14
0.000479486005778775,2.8066920226096427e-14
0.00047963973397909985,6.582968562120799e-14
0.0004797934621794247,3.225144287798717e-14
0.0004799471903797495,6.725854701453652e-14
0.0004801009185800743,1.0308214337584504e-13
0.00048025464678039915,7.04224543854783e-14
0.000480408374980724,1.0787903519630517e-13
0.0004807158313813736,1.0859346589296945e-13
0.0004810232877820232,1.1063469645486738e-13
0.000481177015982348,1.122676809043857e-14
0.0004813307441826728,4.541738000222876e-14
0.00048148447238299764,8.277189928496073e-14
0.00048163820058332247,1.1869755717436415e-13
0.0004817919287836473,8.430282220638416e-14
0.0004819456569839721,1.2145321843292633e-13
0.00048209938518429694,8.736466804923104e-14
0.00048225311338462177,5.399054836220003e-14
0.0004824068415849466,9.042651389207792e-14
0.0004825605697852714,5.6133840452192854e-14
0.00048271429798559624,9.430485195968399e-14
0.000482868026185921,6.011424004789379e-14
0.0004830217543862458,9.491722112825335e-14
0.0004831754825865706,6.399257811549985e-14
0.00048332921078689543,9.797906697110025e-14
0.00048348293898722026,6.623793173358757e-14
0.0004836366671875451,9.930586683633388e-14
0.0004837903953878699,6.685030090215694e-14
0.00048394412358819473,1.0246977420727567e-13
0.00048409785178851956,7.011626980119361e-14
0.0004842515799888444,3.674215011416259e-14
0.0004844053081891692,7.225956189118644e-14
0.00048455903638949403,3.990605748510437e-14
0.0004847127645898188,7.695439218355165e-14
0.0004850202209904684,7.756676135212103e-14
0.00048532767739111805,8.073066872306279e-14
0.0004854814055914429,4.837716431698074e-14
0.0004856351337917677,8.36904530378148e-14
0.00048594259019241735,8.675229888066166e-14
0.0004860963183927422,5.1949317800302113e-14
0.000486250046593067,8.981414472350856e-14
0.0004864037747933918,5.592971739600306e-14
0.0004865575029937166,9.389660584730439e-14
0.0004868649593943662,9.522340571253805e-14
0.00048717241579501584,9.64481440496768e-14
0.00048732614399534066,6.603380867739777e-14
0.0004874798721956655,3.38844273275055e-14
0.0004876336003959903,6.736060854263141e-14
0.00048778732859631514,3.500710413654936e-14
0.00048794105679663996,7.134100813833237e-14
0.00048809478499696474,3.817101150749113e-14
0.0004882485131972895,7.430079245308436e-14
0.0004884022413976143,4.1947288047002286e-14
0.0004885559695979392,7.889356121735467e-14
0.000488709697798264,4.1947288047002286e-14
0.0004888634259985888,7.879149968925978e-14
0.0004890171541989136,4.7458610564126675e-14
0.0004891887610051168,6.899359299214976e-14
0.00048936036781132,2.3984459102300578e-14
0.0004895319746175233,4.562150305841856e-14
0.0004897035814237264,6.940183910452935e-14
0.0004898751882299295,9.440691348777888e-14
0.0004900467950361328,4.94998411260246e-14
0.000490218401842336,7.358636175642008e-14
0.0004903900086485392,9.573371335301254e-14
0.0004905616154547423,5.184725627220721e-14
0.0004907332222609456,7.501522314974862e-14
0.0004909048290671488,2.7760735641811736e-14
0.000491076435873352,5.327611766553576e-14
0.0004912480426795552,7.470903856546394e-14
0.0004914196494857585,3.3272058158936125e-14
0.0004915912562919616,5.388848683410514e-14
0.0004917628630981649,7.613789995879248e-14
0.0004919344699043681,3.408855038369529e-14
0.0004921060767105712,5.71544557331418e-14
0.0004922776835167745,7.930180732973426e-14
0.0004924492903229777,3.623184247368811e-14
0.0004926208971291809,6.021630157598868e-14
0.0004927925039353841,1.3982429349000764e-14
0.0004929641107415874,3.715039622654218e-14
0.0004931357175477905,6.093073227265297e-14
0.0004933073243539937,8.297602234115052e-14
0.0004934789311601969,4.011018054129417e-14
0.0004936505379664002,6.399257811549985e-14
0.0004938221447726033,8.3486329981625e-14
0.0004939937515788064,4.255965721557167e-14
0.0004941653583850097,6.378845505931006e-14
0.0004943369651912129,8.573168359971272e-14
0.0004945085719974161,1.1134912715153163e-13
0.0004946801788036192,6.593174714930288e-14
0.0004948517856098225,2.1534982428023075e-14
0.0004950233924160257,4.347821096842573e-14
0.0004951949992222288,0.
0.000495366606028432,2.2147351596592455e-14
0.0004955382128346352,4.766273362031648e-14
0.0004957098196408385,4.286584179985635e-15
0.0004958814264470416,2.5209197439439338e-14
0.0004960530332532448,4.817304126079096e-14
0.000496224640059448,6.919771604833955e-14
0.0004963962468656513,2.755661258562194e-14
0.0004965678536718544,4.94998411260246e-14
0.0004967394604780575,7.236162341928134e-14
0.0004969110672842608,9.522340571253805e-14
0.000497082674090464,5.450085600267451e-14
0.0004972542808966672,7.368842328451498e-14
0.0004974258877028703,3.214938134989227e-14
0.0004975974945090736,5.317405613744086e-14
0.0004977691013152768,7.511728467784351e-14
0.00049794070812148,3.0924643012753514e-14
0.0004981123149276831,5.460291753076941e-14
0.0004982839217338863,1.2247383371387531e-14
0.0004984555285400896,9.930586683633388e-14
0.0004986271353462927,5.684827114885713e-14
0.0004987987421524959,7.930180732973426e-14
0.0004989703489586991,3.4700919552264674e-14
0.0004991419557649024,5.817507101409078e-15
0.0004993135625711055,1.673809060756296e-14
0.0004994851693773088,3.704833469844728e-14
0.000499656776183512,5.307199460934597e-15
0.0004998283829897151,1.898344422565067e-14
0.0004999999897959184,3.827307303558604e-14