5.050505050505051e-12,1.4892170671907793e-14
4.748793594514428e-9,4.978850543088408e-14
9.492536683978351e-9,3.704406295427288e-14
1.4236279773442274e-8,1.2436815130791203e-14
1.8980022862906198e-8,8.81691668408417e-15
2.372376595237012e-8,-4.132220520009463e-14
2.8467509041834044e-8,-2.0460667375912398e-16
3.321125213129797e-8,1.070476132429309e-14
3.795499522076189e-8,4.4406600357675465e-15
4.269873831022581e-8,-1.3638711141324478e-14
4.7442481399689735e-8,5.765528991275486e-14
5.218622448915366e-8,-1.709993854234334e-14
5.6929967578617583e-8,3.342838401485484e-14
6.167371066808151e-8,-1.015057569652346e-14
6.641745375754543e-8,-4.3286640442366535e-14
7.116119684700936e-8,5.6364791540164685e-15
7.590493993647328e-8,2.3486322760922297e-14
8.06486830259372e-8,-1.8901473469654544e-14
8.539242611540113e-8,3.442926743421871e-14
9.013616920486505e-8,1.7288387806513212e-14
9.487991229432898e-8,-2.9447315612560244e-14
9.96236553837929e-8,1.2224845332797808e-14
1.0436739847325683e-7,5.279554460655445e-15
1.0911114156272074e-7,2.0327963933041964e-14
1.1385488465218466e-7,1.3237058866003746e-14
1.1859862774164859e-7,-3.241015652418264e-15
1.233423708311125e-7,-7.308842343642046e-15
1.2808611392057644e-7,5.796004484491107e-14
1.3282985701004035e-7,-3.2144762978699635e-14
1.3757360009950426e-7,1.8874183114513722e-14
1.423173431889682e-7,-1.2136981212912566e-15
1.4706108627843213e-7,3.2752456930333427e-14
1.5180482936789605e-7,3.839637194631304e-15
1.5654857245735996e-7,-3.727675147972114e-15
1.612923155468239e-7,-2.940894312597697e-14
1.660360586362878e-7,1.6926794258004453e-14
1.7077980172575172e-7,1.527215775857837e-14
1.7552354481521565e-7,2.8809892073793595e-14
1.8026728790467957e-7,-9.610591991685883e-15
1.8501103099414348e-7,3.3414979317319665e-15
1.8975477408360741e-7,1.4719037598216817e-14
1.9449851717307135e-7,4.139053224414611e-15
1.9924226026253526e-7,2.1205462002832694e-14
2.0398600335199917e-7,1.1663407187411479e-14
2.087297464414631e-7,2.018635130519261e-14
2.1347348953092705e-7,-2.4521286657210425e-14
2.1821723262039096e-7,-1.1886957129941191e-14
2.2296097570985487e-7,1.7702475128822903e-14
2.277047187993188e-7,7.034297350747964e-14
2.3244846188878275e-7,5.2170807017765905e-14
2.3719220497824666e-7,2.495554030490476e-14
2.4193594806771057e-7,1.4288454894400857e-14
2.466796911571745e-7,8.111517431342204e-15
2.5142343424663844e-7,3.7209398424123235e-14
2.561671773361024e-7,1.1697445086619658e-14
2.609109204255663e-7,1.1496780336573216e-14
2.656546635150302e-7,-1.0434994410438792e-14
2.703984066044941e-7,5.6686685775003686e-14
2.7514214969395803e-7,2.583478169670623e-14
2.7988589278342197e-7,6.118252382860554e-14
2.846296358728859e-7,-1.6389908418880702e-14
2.8937337896234984e-7,4.644074849517077e-14
2.941171220518138e-7,7.643108461106635e-14
2.988608651412777e-7,3.144207920121492e-14
3.036046082307416e-7,8.051387151434566e-15
3.083483513202055e-7,-2.0077781428892138e-14
3.130920944096694e-7,5.800955083621552e-14
3.1783583749913336e-7,4.143991733618241e-14
3.225795805885973e-7,-3.324644286022794e-17
3.2732332367806124e-7,-1.6994470936496793e-14
3.320670667675251e-7,2.12664889588451e-14
3.36810809856989e-7,6.6240507246567034e-15
3.4155455294645294e-7,-1.8011699760866028e-14
3.462982960359169e-7,4.394809777037269e-14
3.510420391253808e-7,2.7448717051119878e-14
3.5578578221484476e-7,1.9271286184862266e-14
3.6052952530430864e-7,3.097751318671539e-14
3.652732683937725e-7,6.336840690142104e-15
3.7001701148323646e-7,5.520730377008936e-14
3.747607545727004e-7,1.8053484673881118e-14
3.7950449766216434e-7,3.419644424569393e-14
3.842482407516283e-7,8.043886571549209e-14
3.889919838410922e-7,4.591490140909243e-14
3.9373572693055615e-7,3.3987231667267755e-14
3.9847947002002004e-7,1.9598021591306544e-14
4.032232131094839e-7,6.996344474320668e-14
4.0796695619894786e-7,4.247784043944873e-16
4.127106992884118e-7,-4.040026990318266e-14
4.1745444237787573e-7,4.191288733671823e-14
4.2219818546733967e-7,4.637686911695372e-14
4.269419285568036e-7,3.041260558573683e-14
4.3168567164626755e-7,2.5786123918475e-14
4.3642941473573143e-7,1.4715507079584795e-14
4.411731578251953e-7,1.7367340421492688e-14
4.4591690091465925e-7,3.727557554777273e-14
4.506606440041232e-7,6.082463698446497e-14
4.5540438709358713e-7,-3.0119816272390575e-14
4.6014813018305107e-7,3.982514596691967e-14
4.64891873272515e-7,2.6866719561841145e-15
4.6963561636197894e-7,4.8858235923514434e-14
4.7437935945144283e-7,7.723637631999554e-14
4.791231025409067e-7,5.647240447678994e-14
4.838668456303706e-7,-9.774990977236095e-15
4.886105887198346e-7,1.2091528883704022e-14
4.933543318092985e-7,2.030617114195428e-14
4.980980748987625e-7,2.727821030632919e-15
5.028418179882264e-7,-1.3512831323002026e-14
5.075855610776903e-7,3.0551015280192066e-14
5.123293041671543e-7,1.1446622210180151e-14
5.170730472566182e-7,-1.6156373245047476e-14
5.218167903460822e-7,-1.3761033710464998e-14
5.265605334355461e-7,3.4542182991705205e-14
5.313042765250099e-7,2.3744657585398976e-14
5.360480196144738e-7,-6.04653101561788e-15
5.407917627039377e-7,1.4242531989991197e-14
5.455355057934016e-7,1.4112046695671487e-14
5.502792488828656e-7,5.780491948407475e-14
5.550229919723295e-7,4.3391628559877426e-14
5.597667350617934e-7,-1.1761669705376104e-14
5.645104781512574e-7,4.0590115989408784e-14
5.692542212407213e-7,4.31897006219627e-15
5.739979643301853e-7,5.734392543747341e-14
5.787417074196492e-7,6.657825148940426e-14
5.834854505091131e-7,7.074369570428665e-14
5.882291935985771e-7,4.2097552864154224e-14
5.92972936688041e-7,3.9508608131218e-14
5.977166797775049e-7,4.9058708932874635e-15
6.024604228669689e-7,5.3874647781319084e-14
6.072041659564327e-7,2.7337444039456115e-14
6.119479090458965e-7,-3.586226727722132e-14
6.166916521353605e-7,-2.5104224038264915e-14
6.214353952248244e-7,3.236224650640657e-14
6.261791383142884e-7,5.917267894995536e-14
6.309228814037523e-7,2.5252091098775008e-14
6.356666244932162e-7,1.082896594217079e-14
6.404103675826802e-7,5.453165500848511e-14
6.451541106721441e-7,-4.550339669489372e-14
6.49897853761608e-7,-3.5357145321098105e-15
6.54641596851072e-7,-5.464498466529665e-15
6.593853399405359e-7,1.9388486156388902e-14
6.641290830299998e-7,-2.3071871865233074e-15
6.688728261194636e-7,7.283816181350206e-14
6.736165692089275e-7,-3.577222707502302e-14
6.783603122983915e-7,2.4084332372834906e-15
6.831040553878554e-7,-5.437802471382651e-15
6.878477984773193e-7,9.67414317474461e-14
6.925915415667833e-7,6.492671571831192e-14
6.973352846562472e-7,1.6779948252819904e-14
7.020790277457111e-7,1.0370180758482074e-13
7.068227708351751e-7,7.807759902265764e-14
7.11566513924639e-7,5.958985281799634e-14
7.16310257014103e-7,3.721023315265404e-14
7.210540001035668e-7,1.6734532546381203e-14
7.257977431930306e-7,4.000600874105455e-14
7.305414862824946e-7,9.204208392894752e-14
7.352852293719585e-7,-1.389675194080119e-14
7.400289724614224e-7,1.3492959918693698e-14
7.447727155508864e-7,6.139251581199481e-14
7.495164586403503e-7,1.0207945505117701e-13
7.542602017298142e-7,4.112330535664232e-14
7.590039448192782e-7,9.757002264415566e-14
7.637476879087421e-7,4.336002068308329e-14
7.684914309982061e-7,8.549221598436414e-14
7.7323517408767e-7,4.96463488199585e-14
7.779789171771339e-7,-1.8327848802327432e-14
7.827226602665979e-7,5.840717554021578e-14
7.874664033560618e-7,5.974312693912496e-15
7.922101464455257e-7,4.394709541389815e-14
7.969538895349896e-7,2.1644698504752792e-14
8.016976326244534e-7,5.507080130210643e-14
8.064413757139174e-7,7.858754115365404e-14
8.111851188033813e-7,3.358630152585906e-14
8.159288618928452e-7,6.063272576579857e-14
8.206726049823092e-7,6.809541752051305e-14
8.254163480717731e-7,2.7978923538301692e-14
8.30160091161237e-7,-2.2026781001185457e-14
8.34903834250701e-7,2.2684633581254904e-14
8.396475773401649e-7,7.027369707837281e-14
8.443913204296289e-7,4.5506491019208076e-14
8.491350635190928e-7,4.3292892021096925e-14
8.538788066085567e-7,2.605396798330601e-14
8.586225496980207e-7,2.7086886189938256e-14
8.633662927874846e-7,2.8929554359273094e-14
8.681100358769485e-7,4.2401984671694194e-14
8.728537789664124e-7,5.2477936106770676e-14
8.775975220558762e-7,9.556135910624198e-14
8.823412651453401e-7,-1.1628467162135e-14
8.870850082348041e-7,8.4374686938488e-14
8.91828751324268e-7,-2.3874257064597396e-15
8.96572494413732e-7,1.0506649740348979e-13
9.013162375031959e-7,5.785576391416929e-15
9.060599805926598e-7,1.6400697735864598e-14
9.108037236821238e-7,6.72710729472366e-14
9.155474667715877e-7,9.516208512967797e-14
9.202912098610516e-7,7.667954532421852e-14
9.250349529505156e-7,1.1676326461310342e-13
9.297786960399795e-7,9.525984974651655e-14
9.345224391294435e-7,1.6289566115964372e-14
9.392661822189074e-7,-1.624637814567289e-14
9.440099253083713e-7,2.2874617436325688e-14
9.487536683978352e-7,2.2675224187850456e-14
9.53497411487299e-7,1.4800272943170466e-14
9.58241154576763e-7,2.928381677680412e-14
9.629848976662269e-7,7.742289208870752e-14
9.677286407556908e-7,1.7919372857393815e-14
9.724723838451547e-7,5.879558761519298e-14
9.772161269346187e-7,6.073649291868435e-14
9.819598700240826e-7,6.725694402190329e-14
9.867036131135466e-7,6.739981603354605e-14
9.914473562030105e-7,4.1003230554713737e-14
9.961910992924744e-7,4.988743370765568e-14
1.0009348423819384e-6,5.2993531132028386e-14
1.0056785854714023e-6,6.397660227085318e-14
1.0104223285608662e-6,3.5974549354713804e-14
1.0151660716503302e-6,5.678623765963194e-14
1.0199098147397941e-6,4.080268984897906e-14
1.024653557829258e-6,8.132134068892173e-16
1.029397300918722e-6,6.82380209384012e-14
1.034141044008186e-6,6.663035359670941e-15
1.0388847870976499e-6,4.6320226577200495e-14
1.0436285301871138e-6,3.713159977546628e-14
1.0483722732765777e-6,-3.0341223389015002e-15
1.0531160163660417e-6,-2.2627409250037223e-14
1.0578597594555054e-6,3.9246252545986337e-14
1.0626035025449693e-6,2.4501900292092605e-14
1.0673472456344333e-6,4.2176660898918295e-15
1.072090988723897e-6,6.126852946600563e-14
1.076834731813361e-6,4.883247333243643e-14
1.0815784749028249e-6,2.4865027186686626e-14
1.0863222179922888e-6,8.854484858299282e-15
1.0910659610817528e-6,3.5013031461985065e-14
1.0958097041712167e-6,6.921381131497621e-14
1.1005534472606806e-6,8.373348487321744e-14
1.1052971903501446e-6,3.16180030415247e-14
1.1100409334396085e-6,6.309510628686537e-14
1.1147846765290725e-6,2.62463913176351e-14
1.1195284196185364e-6,2.0421436001455795e-14
1.1242721627080003e-6,1.8236156686648148e-14
1.1290159057974643e-6,2.491282686171755e-14
1.1337596488869282e-6,8.553916871889244e-14
1.1385033919763921e-6,1.1726208591045509e-13
1.143247135065856e-6,4.69956064039716e-14
1.14799087815532e-6,6.017234560748319e-14
1.152734621244784e-6,7.609963553701197e-14
1.1574783643342479e-6,3.041335926231955e-14
1.1622221074237118e-6,-5.866070440664891e-15
1.1669658505131758e-6,-1.5442044686596265e-14
1.1717095936026397e-6,1.2115489651753934e-14
1.1764533366921036e-6,5.1073384009333234e-14
1.1811970797815676e-6,-3.350225610517209e-14
1.1859408228710315e-6,-7.828016818999658e-15
1.1906845659604955e-6,-1.9632732101365633e-14
1.1954283090499594e-6,3.927500068402241e-14
1.2001720521394233e-6,7.866632202242786e-14
1.2049157952288873e-6,-1.0790978069586614e-14
1.209659538318351e-6,1.7019189920635472e-14
1.214403281407815e-6,-3.94460108091299e-14
1.2191470244972789e-6,-3.526661097360338e-14
1.2238907675867426e-6,2.016560242164601e-14
1.2286345106762065e-6,-6.495202027983706e-14
1.2333782537656705e-6,-1.3310111883400965e-14
1.2381219968551344e-6,1.2904792395272129e-14
1.2428657399445983e-6,2.287182309823221e-14
1.2476094830340623e-6,4.168690416798941e-14
1.2523532261235262e-6,-1.0988164212740534e-14
1.2570969692129902e-6,-8.067733171470254e-15
1.261840712302454e-6,3.9572204502608005e-14
1.266584455391918e-6,3.93087117518915e-14
1.271328198481382e-6,4.798581471145074e-14
1.276071941570846e-6,3.859371830037857e-15
1.2808156846603098e-6,3.4909867409071463e-14
1.2855594277497738e-6,2.77150772519325e-14
1.2903031708392377e-6,-5.0620947186938284e-14
1.2950469139287017e-6,-4.380495112645256e-15
1.2997906570181656e-6,-7.099665544737302e-14
1.3045344001076295e-6,7.796167660812991e-14
1.3092781431970935e-6,5.2202377593170354e-14
1.3140218862865574e-6,-3.0857740064085044e-14
1.3187656293760213e-6,1.8731723765959622e-14
1.323509372465485e-6,-9.417985491371222e-16
1.328253115554949e-6,-4.730431197362357e-14
1.332996858644413e-6,-3.495515608032962e-14
1.3377406017338767e-6,-1.0900599384992648e-14
1.3424843448233406e-6,-1.603353932781661e-14
1.3472280879128045e-6,-2.844396685231332e-14
1.3519718310022685e-6,3.954403977694014e-14
1.3567155740917324e-6,3.308038002643809e-14
1.3614593171811964e-6,-6.427662196228378e-15
1.3662030602706603e-6,1.5396030978292253e-14
1.3709468033601242e-6,-1.8157572978594322e-14
1.3756905464495882e-6,2.1135226307664813e-15
1.3804342895390521e-6,8.188551182241236e-15
1.385178032628516e-6,-2.810252430560065e-14
1.38992177571798e-6,-3.049371120648239e-14
1.394665518807444e-6,-3.3100953992681704e-14
1.3994092618969079e-6,-5.166340533719269e-14
1.4041530049863718e-6,4.6369810633921915e-16
1.4088967480758357e-6,-6.611607176838463e-14
1.4136404911652997e-6,-1.2916168347001865e-14
1.4183842342547636e-6,-5.8565144549292275e-15
1.4231279773442276e-6,5.94113313822358e-15
1.4278717204336915e-6,-1.3828888952058972e-14
1.4326154635231554e-6,1.1639966451128965e-14
1.4373592066126192e-6,-8.795324026928537e-15
1.442102949702083e-6,1.4133006343161012e-14
1.446846692791547e-6,1.7389149632340717e-14
1.4515904358810108e-6,1.0171505782876406e-14
1.4563341789704747e-6,-6.038796125065467e-14
1.4610779220599386e-6,2.86428959053896e-14
1.4658216651494026e-6,4.9805730254977133e-14
1.4705654082388665e-6,6.165598982066834e-14
1.4753091513283304e-6,-1.571793443504342e-14
1.4800528944177944e-6,4.995428558976272e-14
1.4847966375072583e-6,1.7983203011471802e-14
1.4895403805967223e-6,-5.753834056981203e-15
1.4942841236861862e-6,2.721362141171068e-15
1.4990278667756501e-6,3.744991675098834e-14
1.503771609865114e-6,4.2930266929849764e-14
1.508515352954578e-6,1.8667894028618707e-14
1.513259096044042e-6,-5.740460876107961e-14
1.5180028391335059e-6,-3.2896746882264235e-14
1.5227465822229698e-6,-2.4863101280365016e-14
1.5274903253124338e-6,2.0570165825662957e-14
1.5322340684018977e-6,3.3428902812337776e-14
1.5369778114913616e-6,1.7442537762260986e-14
1.5417215545808256e-6,5.396819296803306e-15
1.5464652976702895e-6,-6.1894591590571396e-15
1.5512090407597534e-6,2.3575308550995224e-15
1.5559527838492174e-6,6.776367013673295e-14
1.5606965269386813e-6,2.903273816196344e-14
1.5654402700281453e-6,4.143162865786494e-14
1.5701840131176092e-6,8.182812916024582e-15
1.5749277562070731e-6,-1.2981091158480223e-14
1.579671499296537e-6,9.440352971863796e-15
1.584415242386001e-6,5.1004666351776734e-14
1.5891589854754647e-6,9.27031022958989e-14
1.5939027285649287e-6,7.468611761325218e-14
1.5986464716543926e-6,4.6482064323766636e-14
1.6033902147438563e-6,4.7648611018259733e-14
1.6081339578333203e-6,8.774451657870314e-14
1.6128777009227842e-6,2.8977440490421465e-14
1.6176214440122481e-6,6.642216880114746e-14
1.622365187101712e-6,4.961709749814169e-14
1.627108930191176e-6,-9.142351227297737e-15
1.63185267328064e-6,-6.9407999835726405e-16
1.636596416370104e-6,9.229987345690107e-14
1.6413401594595678e-6,3.465608497545476e-14
1.6460839025490318e-6,2.2857179035075242e-14
1.6508276456384957e-6,1.900805812862592e-14
1.6555713887279596e-6,1.812431419977159e-14
1.6603151318174236e-6,1.396100590974223e-14
1.6650588749068875e-6,2.678331404308119e-14
1.6698026179963515e-6,-1.705492216702352e-14
1.6745463610858154e-6,1.9240879870182375e-14
1.6792901041752793e-6,1.7107583472066958e-14
1.6840338472647433e-6,2.890986831550137e-14
1.6887775903542072e-6,-1.4004892386623612e-14
1.6935213334436712e-6,1.0135235918738226e-14
1.698265076533135e-6,-1.4793976512580015e-14
1.703008819622599e-6,-1.9872750379842337e-14
1.707752562712063e-6,4.424522537761351e-14
1.712496305801527e-6,-2.3999678815404803e-14
1.7172400488909908e-6,1.42143506727049e-14
1.7219837919804548e-6,3.4847055917888754e-14
1.7267275350699187e-6,3.6961819428821795e-15
1.7314712781593827e-6,1.9865568099449086e-14
1.7362150212488466e-6,2.391073182975705e-14
1.7409587643383103e-6,-1.2811782049656557e-14
1.7457025074277743e-6,5.974794402273128e-14
1.7504462505172382e-6,-5.673921309626338e-14
1.755189993606702e-6,-1.3902506302723785e-14
1.7599337366961659e-6,-8.990458462015646e-14
1.7646774797856298e-6,1.4992404990591184e-14
1.7694212228750937e-6,1.1085264556134994e-14
1.7741649659645577e-6,9.961017517580495e-15
1.7789087090540216e-6,4.389931621217871e-15
1.7836524521434855e-6,3.5259493678764158e-15
1.7883961952329495e-6,-2.1960916665414783e-14
1.7931399383224134e-6,6.072534933197471e-14
1.7978836814118774e-6,-3.967757930123107e-14
1.8026274245013413e-6,3.285496769210263e-14
1.8073711675908052e-6,-1.3466371852432787e-14
1.8121149106802692e-6,3.9623738699441516e-14
1.8168586537697331e-6,-4.177370144305364e-14
1.821602396859197e-6,6.48587385674573e-14
1.826346139948661e-6,-4.0068388238438245e-14
1.831089883038125e-6,-8.066415239943104e-14
1.8358336261275889e-6,2.3207570951346062e-14
1.8405773692170528e-6,-7.425154163603601e-14
1.8453211123065167e-6,-3.1183642042976233e-14
1.8500648553959807e-6,-6.498672086581465e-14
1.8548085984854446e-6,3.0131426177426205e-14
1.8595523415749085e-6,-8.073968146488915e-15
1.8642960846643725e-6,2.4362150138960232e-14
1.8690398277538364e-6,-7.759075297152052e-15
1.8737835708433004e-6,8.870054671422228e-15
1.8785273139327643e-6,-1.8827906399568242e-14
1.8832710570222282e-6,3.299589376970533e-14
1.8880148001116922e-6,-2.7581360714197703e-14
1.892758543201156e-6,-9.315558503618834e-15
1.8975022862906198e-6,-2.1284547539902036e-14
1.9022460293800838e-6,3.092669184440382e-14
1.9069897724695475e-6,-1.550621835438458e-14
1.9117335155590116e-6,-2.2146945335904405e-14
1.9164772586484754e-6,-4.2041396270921787e-14
1.921221001737939e-6,1.4153120393898344e-15
1.9259647448274032e-6,4.821456113232827e-14
1.9307084879168674e-6,-1.3386750861465017e-14
1.935452231006331e-6,-3.760963207209393e-14
1.940195974095795e-6,-1.0576982695408623e-13
1.944939717185259e-6,-2.6811667634854962e-14
1.949683460274723e-6,-6.20543463723812e-14
1.954427203364187e-6,1.4751823234172863e-15
1.9591709464536506e-6,-3.117020723876311e-14
1.9639146895431148e-6,-3.2696373079017116e-14
1.968658432632579e-6,-3.824739420177909e-14
1.9734021757220426e-6,-2.408194421792313e-14
1.9781459188115064e-6,-7.259583557985673e-14
1.9828896619009705e-6,-7.358716847898424e-15
1.9876334049904347e-6,6.922794070837854e-15
1.9923771480798984e-6,-8.295140678503867e-14
1.997120891169362e-6,-4.45169475976717e-15
2.0018646342588263e-6,-1.1111638547462141e-14
2.0066083773482904e-6,-4.567801850389979e-14
2.011352120437754e-6,-4.440015718302009e-14
2.016095863527218e-6,-1.2774938737853094e-14
2.020839606616682e-6,-3.1589957608739533e-14
2.025583349706146e-6,-3.051088783771847e-14
2.03032709279561e-6,-5.0586415132460623e-14
2.0350708358850736e-6,-6.148852873660035e-14
2.0398145789745378e-6,-5.120197522869517e-14
2.044558322064002e-6,-1.23699067074332e-13
2.0493020651534656e-6,-3.4940884556050564e-14
2.0540458082429294e-6,-3.7805536301222846e-14
2.0587895513323935e-6,-6.245798995149919e-14
2.0635332944218577e-6,-5.1433287418036575e-14
2.0682770375113214e-6,-6.220192068874447e-14
2.073020780600785e-6,-4.276890020978714e-15
2.0777645236902493e-6,-7.783557416515774e-14
2.0825082667797134e-6,-2.609850834200619e-14
2.087252009869177e-6,2.5843217092016824e-14
2.091995752958641e-6,-5.439384638116673e-14
2.096739496048105e-6,-6.172651274196386e-15
2.101483239137569e-6,4.442354451774579e-15
2.106226982227033e-6,-3.4269516734074125e-14
2.1109707253164966e-6,-2.2041896463441146e-14
2.1157144684059603e-6,-2.1616040694443863e-14
2.120458211495424e-6,-5.4371223980133415e-14
2.125201954584888e-6,1.8818672351190454e-14
2.1299456976743524e-6,-5.165656737926531e-15
2.134689440763816e-6,-6.723219953436613e-14
2.13943318385328e-6,1.473543976208609e-14
2.1441769269427435e-6,4.367231134726578e-15
2.1489206700322073e-6,1.564981906895411e-15
2.1536644131216714e-6,-2.5103182199972494e-14
2.1584081562111356e-6,-6.182648166905296e-14
2.1631518993005993e-6,1.679842478837686e-15
2.167895642390063e-6,-7.248228077988817e-15
2.172639385479527e-6,7.635789883349675e-16
2.1773831285689913e-6,-1.4026778661678146e-14
2.182126871658455e-6,-2.2198352758983268e-14
2.1868706147479188e-6,5.128650155250264e-14
2.191614357837383e-6,-7.016390391006637e-14
2.196358100926847e-6,-5.68750253844453e-14
2.2011018440163108e-6,-2.768736095336746e-14
2.2058455871057745e-6,-4.3755787769249384e-14
2.2105893301952387e-6,-5.223673658640724e-14
2.215333073284703e-6,-1.0736425912183255e-13
2.2200768163741665e-6,-2.0755638023528216e-14
2.2248205594636303e-6,-8.808241185219749e-14
2.2295643025530944e-6,-5.344878302043429e-14
2.2343080456425586e-6,1.3854333866764e-14
2.2390517887320223e-6,-2.0810215867431963e-14
2.243795531821486e-6,-3.2114255270215764e-14
2.24853927491095e-6,1.0428671052254142e-14
2.2532830180004143e-6,3.4302777956058694e-14
2.258026761089878e-6,-3.389771952505065e-14
2.2627705041793418e-6,1.5404815926239726e-14
2.267514247268806e-6,-2.9461823499088933e-14
2.27225799035827e-6,-3.5330666836353505e-14
2.277001733447734e-6,7.411809533934962e-15
2.2817454765371975e-6,-2.9807566027585122e-15
2.2864892196266617e-6,-1.869084550384197e-15
2.291232962716126e-6,-1.7071049897700035e-14
2.2959767058055895e-6,-4.999220313230797e-14
2.3007204488950533e-6,-4.987858637235513e-14
2.3054641919845174e-6,-3.876242840122613e-14
2.3102079350739816e-6,-2.913644855242239e-14
2.3149516781634453e-6,-2.747489874542229e-14
2.319695421252909e-6,-7.533220359476612e-14
2.324439164342373e-6,-8.242085061568356e-14
2.3291829074318373e-6,-6.233588646846255e-15
2.333926650521301e-6,-3.4445409779967566e-14
2.3386703936107648e-6,5.0619909658468774e-14
2.343414136700229e-6,2.1804520986915365e-14
2.348157879789693e-6,-3.312727179288818e-14
2.352901622879157e-6,1.788025229872626e-15
2.3576453659686205e-6,4.028807044705462e-14
2.3623891090580847e-6,3.4382277319520173e-15
2.367132852147549e-6,-1.2085852497481745e-14
2.3718765952370125e-6,-1.4041864562809423e-16
2.3766203383264763e-6,2.099819312609406e-14
2.3813640814159404e-6,1.7593868189857513e-14
2.3861078245054046e-6,-2.7885651610607306e-14
2.3908515675948683e-6,4.5502432919765105e-15
2.395595310684332e-6,1.888339167639595e-14
2.400339053773796e-6,-1.9700072260038506e-14
2.4050827968632603e-6,-2.979667919111358e-14
2.409826539952724e-6,1.9920600254526638e-14
2.4145702830421878e-6,-9.030906629262153e-15
2.4193140261316515e-6,2.663529212829358e-15
2.4240577692211152e-6,-8.75280091823226e-14
2.4288015123105794e-6,-3.6242536947947155e-14
2.4335452554000435e-6,9.425747693967299e-14
2.4382889984895072e-6,3.312980589376682e-14
2.443032741578971e-6,-1.0530063083209015e-14
2.4477764846684347e-6,4.590754368366594e-14
2.4525202277578984e-6,6.716410957386004e-15
2.4572639708473626e-6,-1.0801013797376705e-14
2.4620077139368267e-6,5.6520740897057565e-14
2.4667514570262904e-6,-1.0531522679941078e-14
2.471495200115754e-6,2.8334693538484963e-14
2.4762389432052183e-6,5.188121097987096e-15
2.4809826862946825e-6,3.9600527419076445e-14
2.485726429384146e-6,-4.150885531481616e-14
2.49047017247361e-6,8.120716109124555e-14
2.495213915563074e-6,1.1115313123776241e-14
2.4999576586525382e-6,6.28494206935447e-14
2.504701401742002e-6,-5.2146131237161754e-14
2.5094451448314657e-6,5.0635854326002576e-14
2.51418888792093e-6,1.354722936600277e-13
2.518932631010394e-6,1.1937678970038543e-14
2.5236763740998577e-6,-5.767219233386708e-14
2.5284201171893214e-6,3.5825842442129705e-14
2.5331638602787856e-6,-3.802696224014453e-15
2.5379076033682497e-6,-6.350040735296791e-14
2.5426513464577134e-6,4.7012839228224736e-14
2.547395089547177e-6,-1.2022105741987401e-15
2.5521388326366413e-6,4.635430193820024e-14
2.5568825757261055e-6,9.189016950481418e-15
2.561626318815569e-6,1.1105600463941939e-14
2.566370061905033e-6,9.186075318152368e-14
2.571113804994497e-6,-9.297230832600137e-14
2.5758575480839612e-6,-2.8095472497826453e-15
2.580601291173425e-6,3.037879150129684e-14
2.5853450342628887e-6,-3.3849519290371514e-14
2.590088777352353e-6,2.880282431076385e-14
2.594832520441817e-6,-3.762225606262729e-14
2.5995762635312807e-6,1.2401970400086077e-14
2.6043200066207444e-6,7.318261386636585e-14
2.6090637497102086e-6,-1.614981580721513e-14
2.6138074927996727e-6,2.298963995340516e-14
2.6185512358891365e-6,7.651933489852974e-15
2.6232949789786e-6,2.2750745404631878e-14
2.6280387220680643e-6,-5.0577494124144846e-14
2.6327824651575285e-6,5.438509817869545e-14
2.637526208246992e-6,5.647677195273541e-14
2.642269951336456e-6,6.453377801506345e-14
2.6470136944259197e-6,-2.41501021426942e-15
2.6517574375153834e-6,-3.054484917139118e-14
2.6565011806048475e-6,7.28697035781288e-14
2.6612449236943117e-6,2.189654189276868e-14
2.6659886667837754e-6,-6.4158586278258926e-15
2.670732409873239e-6,-1.1230162516604918e-14
2.675476152962703e-6,-1.6056969784569577e-14
2.6802198960521666e-6,7.073127907977518e-14
2.6849636391416307e-6,-3.1517883084394135e-14
2.689707382231095e-6,-2.977590821618476e-14
2.6944511253205586e-6,5.709456461553461e-14
2.6991948684100223e-6,-4.0549276243509976e-14
2.7039386114994865e-6,3.8011080447144885e-14
2.7086823545889506e-6,4.229228917642874e-14
2.7134260976784144e-6,-2.9437265138033186e-15
2.718169840767878e-6,6.875317763458957e-14
2.7229135838573422e-6,1.7658439747144528e-14
2.7276573269468064e-6,-2.8911736190510145e-14
2.73240107003627e-6,6.469081818308784e-14
2.737144813125734e-6,-5.5283802190384634e-14
2.741888556215198e-6,1.6863736795979762e-14
2.746632299304662e-6,-8.971901328983078e-15
2.751376042394126e-6,-8.934944061784589e-14
2.7561197854835896e-6,4.414245583691499e-14
2.7608635285730537e-6,-3.808193416773233e-15
2.765607271662518e-6,2.315490665669432e-14
2.7703510147519816e-6,3.856942916693752e-14
2.7750947578414453e-6,7.070627719373701e-14
2.7798385009309095e-6,1.7167382228000696e-14
2.7845822440203736e-6,4.9748416526628556e-14
2.7893259871098374e-6,-1.7061246170872285e-14
2.794069730199301e-6,-4.90632141317447e-15
2.7988134732887652e-6,4.77453672381321e-14
2.8035572163782294e-6,4.394707644176921e-14
2.808300959467693e-6,-5.473650333745584e-14
2.813044702557157e-6,8.960413170841382e-14
2.817788445646621e-6,-1.0951892689586161e-13
2.822532188736085e-6,4.4258975743311194e-14
2.827275931825549e-6,7.501305506328038e-14
2.8320196749150126e-6,8.243677722301517e-14
2.8367634180044767e-6,5.746466757659986e-14
2.841507161093941e-6,3.638526653731969e-14
2.8462509041834046e-6,-1.3751503161338074e-14
2.8509946472728683e-6,1.5580831625732864e-13
2.8557383903623325e-6,2.7752200460715333e-14
2.8604821334517966e-6,5.4029086408223324e-14
2.8652258765412604e-6,-2.914027713125585e-14
2.869969619630724e-6,8.95085895837151e-14
2.874713362720188e-6,7.982892059956561e-14
2.8794571058096515e-6,7.107362587302618e-14
2.8842008488991157e-6,2.729796971489752e-14
2.88894459198858e-6,1.084677811240405e-13
2.8936883350780436e-6,1.6802643440213798e-13
2.8984320781675073e-6,1.0978933596154987e-13
2.903175821256971e-6,1.8989379701756919e-13
2.9079195643464347e-6,1.8912943882707952e-13
2.912663307435899e-6,1.778643080161597e-13
2.917407050525363e-6,2.0056928914699644e-13
2.9221507936148268e-6,2.0028656959126074e-13
2.9268945367042905e-6,1.2521237463748854e-13
2.9316382797937546e-6,2.086660191407183e-13
2.936382022883219e-6,1.755185356176237e-13
2.9411257659726825e-6,1.887923565956182e-13
2.9458695090621462e-6,2.5451002057499197e-13
2.9506132521516104e-6,2.3641539527574427e-13
2.9553569952410745e-6,1.6236808112324106e-13
2.9601007383305383e-6,1.9736145354908997e-13
2.964844481420002e-6,2.5694456357517695e-13
2.969588224509466e-6,2.573517996464665e-13
2.9743319675989303e-6,2.9360650020391335e-13
2.979075710688394e-6,3.117825901339396e-13
2.9838194537778577e-6,2.7556479713326087e-13
2.988563196867322e-6,3.167804018045496e-13
2.993306939956786e-6,3.0718061817017387e-13
2.9980506830462498e-6,3.875019365644427e-13
3.0027944261357135e-6,3.628707785673592e-13
3.0075381692251776e-6,3.9715655574261095e-13
3.012281912314642e-6,4.335924074535343e-13
3.0170256554041055e-6,3.289477449613754e-13
3.0217693984935692e-6,3.800813057184834e-13
3.0265131415830334e-6,4.996522387487745e-13
3.0312568846724975e-6,4.837451818924842e-13
3.0360006277619613e-6,5.194533182897918e-13
3.040744370851425e-6,5.105786660950582e-13
3.045488113940889e-6,4.917173081708408e-13
3.0502318570303533e-6,5.645889152457581e-13
3.054975600119817e-6,6.581173265970457e-13
3.0597193432092807e-6,5.697492063924331e-13
3.064463086298745e-6,6.359288115182612e-13
3.069206829388209e-6,6.304330565463861e-13
3.0739505724776728e-6,7.030808333318051e-13
3.0786943155671365e-6,6.868297211567153e-13
3.0834380586566006e-6,7.726356461560039e-13
3.088181801746065e-6,7.923036436790717e-13
3.0929255448355285e-6,8.433517571683695e-13
3.0976692879249922e-6,8.885718445740252e-13
3.1024130310144564e-6,8.9183803041482e-13
3.1071567741039205e-6,8.820886200833199e-13
3.1119005171933843e-6,1.0167372662643281e-12
3.116644260282848e-6,1.0342090099694783e-12
3.121388003372312e-6,1.0050249595667672e-12
3.1261317464617763e-6,1.1288380110129245e-12
3.13087548955124e-6,1.1785709247386839e-12
3.1356192326407038e-6,1.2466807947632098e-12
3.140362975730168e-6,1.307626733669284e-12
3.145106718819632e-6,1.3833133288927832e-12
3.1498504619090958e-6,1.345895117650514e-12
3.1545942049985595e-6,1.3978622932090667e-12
3.1593379480880237e-6,1.476589109328561e-12
3.164081691177488e-6,1.524950696151415e-12
3.1688254342669515e-6,1.5354083040054766e-12
3.1735691773564153e-6,1.6813907594086215e-12
3.178312920445879e-6,1.7220416349855446e-12
3.1830566635353427e-6,1.761219643962777e-12
3.187800406624807e-6,1.804234651743568e-12
3.192544149714271e-6,2.0043815951058733e-12
3.1972878928037347e-6,2.009747720090058e-12
3.2020316358931985e-6,2.078817644083001e-12
3.206775378982662e-6,2.152154638351402e-12
3.211519122072126e-6,2.2286686910847593e-12
3.21626286516159e-6,2.4052655943670266e-12
3.221006608251054e-6,2.4597391303339446e-12
3.225750351340518e-6,2.5143385032448715e-12
3.2304940944299817e-6,2.676882834756994e-12
3.235237837519446e-6,2.7370995700662306e-12
3.2447253236983737e-6,2.958796684275347e-12
3.2494690667878374e-6,3.067497998715853e-12
3.2542128098773016e-6,3.193154256131237e-12
3.2589565529667657e-6,3.256922252493547e-12
3.2637002960562294e-6,3.4203717220593593e-12
3.268444039145693e-6,3.59533984157042e-12
3.2731877822351573e-6,3.7938319351253265e-12
3.2779315253246215e-6,3.908020297075413e-12
3.282675268414085e-6,3.992686139888449e-12
3.287419011503549e-6,4.152138330471277e-12
3.292162754593013e-6,4.386032609000543e-12
3.296906497682477e-6,4.54936415894723e-12
3.301650240771941e-6,4.658517594921318e-12
3.3063939838614047e-6,4.986808440056623e-12
3.311137726950869e-6,5.090692551624987e-12
3.315881470040333e-6,5.322009421969626e-12
3.3206252131297967e-6,5.40255645662221e-12
3.3253689562192604e-6,5.656559636357077e-12
3.3301126993087246e-6,5.924595082945216e-12
3.3348564423981887e-6,6.171057416964735e-12
3.3396001854876524e-6,6.2970664370419095e-12
3.344343928577116e-6,6.585376276482345e-12
3.3490876716665803e-6,6.865446861547157e-12
3.358575157845508e-6,7.447709709231964e-12
3.363318900934972e-6,7.647041931566696e-12
3.368062644024436e-6,7.984174102186439e-12
3.377550130203364e-6,8.577104777366655e-12
3.3822938732928277e-6,8.937453526795833e-12
3.387037616382292e-6,9.222463820264948e-12
3.3965251025612197e-6,9.925585633926248e-12
3.4155000749190754e-6,1.147595971853756e-11
3.420243818008539e-6,1.1898014832344807e-11
3.4249875610980033e-6,1.2369914708906697e-11
3.4297313041874675e-6,1.2832075347980002e-11
3.434475047276931e-6,1.3217730308468144e-11
3.439218790366395e-6,1.3834822673126331e-11
3.443962533455859e-6,1.4229720237322475e-11
3.453450019634787e-6,1.538592161343665e-11
3.4581937627242507e-6,1.5900889702498797e-11
3.462937505813715e-6,1.6517874790683322e-11
3.4724249919926427e-6,1.7774395928556315e-11
3.491399964350498e-6,2.0419082703599915e-11
3.496143707439962e-6,2.1102615962537867e-11
3.500887450529426e-6,2.194212261349767e-11
3.5103749367083533e-6,2.3505479468869926e-11
3.515118679797817e-6,2.4393099714316705e-11
3.5198624228872812e-6,2.5217707094787533e-11
3.529349909066209e-6,2.7096881216075652e-11
3.534093652155673e-6,2.8011567350153665e-11
3.538837395245137e-6,2.9040785680722726e-11
3.548324881424065e-6,3.112713215743025e-11
3.5672998537819206e-6,3.583383541398196e-11
3.5720435968713843e-6,3.7054655502825035e-11
3.5767873399608485e-6,3.823540288789062e-11
3.5815310830503126e-6,3.9631926346459614e-11
3.5862748261397763e-6,4.111446502198959e-11
3.59101856922924e-6,4.244086367515234e-11
3.5957623123187042e-6,4.3880873520689466e-11
3.605249798497632e-6,4.695062945117665e-11
3.609993541587096e-6,4.861431098961377e-11
3.61473728467656e-6,5.025858122548623e-11
3.624224770855488e-6,5.382255373924853e-11
3.6431997432133436e-6,6.153014511202068e-11
3.6479434863028073e-6,6.375690086829589e-11
3.6526872293922715e-6,6.578349712364907e-11
3.6621747155711993e-6,7.051904217217602e-11
3.666918458660663e-6,7.287024064650652e-11
3.6716622017501272e-6,7.534394851654494e-11
3.681149687929055e-6,8.050530529762177e-11
3.685893431018519e-6,8.32343995871505e-11
3.690637174107983e-6,8.601041485563907e-11
3.700124660286911e-6,9.186785376709028e-11
3.7190996326447666e-6,1.0479672840368357e-10
3.7238433757342303e-6,1.0831009645897699e-10
3.7285871188236945e-6,1.11746357694277e-10
3.7380746050026224e-6,1.1940353748756676e-10
3.742818348092086e-6,1.232435423352566e-10
3.7475620911815502e-6,1.2725446510510202e-10
3.757049577360478e-6,1.3594216136109884e-10
3.761793320449942e-6,1.4036305282666233e-10
3.766537063539406e-6,1.4500875982862783e-10
3.776024549718334e-6,1.5461237270311437e-10
3.794999522076189e-6,1.7575781766050555e-10
3.7997432651656533e-6,1.814563648406088e-10
3.804487008255117e-6,1.8718839809843694e-10
3.8139744944340445e-6,1.9950012815395703e-10
3.818718237523508e-6,2.059356589903261e-10
3.823461980612972e-6,2.1256371851169442e-10
3.8329494667919e-6,2.264761121655515e-10
3.837693209881364e-6,2.33723346240936e-10
3.8424369529708286e-6,2.411939888571944e-10
3.851924439149756e-6,2.5682183488368125e-10
3.870899411507612e-6,2.9090106647195346e-10
3.8756431545970755e-6,3.0013492832176657e-10
3.88038689768654e-6,3.096310313071888e-10
3.8898743838654675e-6,3.2934103945404715e-10
3.908849356223323e-6,3.72662577419474e-10
3.913593099312787e-6,3.8435061260261616e-10
3.9183368424022516e-6,3.9636233372786867e-10
3.927824328581179e-6,4.2126140538784897e-10
3.946799300939035e-6,4.759590011614903e-10
3.9515430440284985e-6,4.905249914822107e-10
3.956286787117963e-6,5.056922807292222e-10
3.9657742732968905e-6,5.37260467019668e-10
3.984749245654745e-6,6.059125639198021e-10
3.989492988744209e-6,6.244307397340745e-10
3.994236731833673e-6,6.434101338653658e-10
4.003724218012601e-6,6.830514621612477e-10
4.022699190370457e-6,7.694109143816335e-10
4.027442933459921e-6,7.925887247266608e-10
4.032186676549384e-6,8.163123810895035e-10
4.041674162728313e-6,8.660894475225041e-10
4.060649135086168e-6,9.741032709993904e-10
4.065392878175632e-6,1.002997365653349e-9
4.070136621265096e-6,1.0328192992451033e-9
4.079624107444024e-6,1.0948956045953236e-9
4.09859907980188e-6,1.2297843938777472e-9
4.103342822891344e-6,1.2658092591308193e-9
4.108086565980807e-6,1.302942211005369e-9
4.117574052159736e-6,1.3803381787044337e-9
4.136549024517591e-6,1.5481973908789283e-9
4.141292767607055e-6,1.593111255755066e-9
4.146036510696519e-6,1.6392723077846213e-9
4.155523996875447e-6,1.7353375712009685e-9
4.174498969233303e-6,1.9440556499204842e-9
4.179242712322767e-6,1.9998456380552234e-9
4.18398645541223e-6,2.0569793740738934e-9
4.193473941591159e-6,2.17619200300508e-9
4.212448913949014e-6,2.434631176618697e-9
4.217192657038478e-6,2.50349681673515e-9
4.221936400127942e-6,2.5743688847942235e-9
4.23142388630687e-6,2.7217484347999954e-9
4.250398858664726e-6,3.041023762370024e-9
4.25514260175419e-6,3.1261592049982922e-9
4.259886344843653e-6,3.213514610018499e-9
4.269373831022582e-6,3.395380704590408e-9
4.2883488033804374e-6,3.788619688649628e-9
4.293092546469901e-6,3.893533391239478e-9
4.297836289559365e-6,4.001200905697709e-9
4.307323775738293e-6,4.224918992848886e-9
4.326298748096149e-6,4.708478554018244e-9
4.331042491185613e-6,4.837304519448932e-9
4.335786234275076e-6,4.969480599823005e-9
4.345273720454005e-6,5.244227426491347e-9
4.3642486928118604e-6,5.837239046184345e-9
4.368992435901324e-6,5.995169596373076e-9
4.373736178990788e-6,6.157014925713196e-9
4.383223665169716e-6,6.4933825269789954e-9
4.402198637527572e-6,7.2188872623815864e-9
4.406942380617036e-6,7.412060161606993e-9
4.411686123706499e-6,7.609947319807245e-9
4.421173609885428e-6,8.020925361273856e-9
4.4401485822432834e-6,8.906605037808715e-9
4.444892325332747e-6,9.1421089553271e-9
4.449636068422211e-6,9.383429341214185e-9
4.459123554601139e-6,9.884445972704324e-9
4.478098526958995e-6,1.096325133958502e-8
4.482842270048459e-6,1.1249880408544885e-8
4.487586013137922e-6,1.1543448337491995e-8
4.497073499316851e-6,1.215271183602116e-8
4.5160484716747064e-6,1.3463579115647657e-8
4.52079221476417e-6,1.3811660264516126e-8
4.525535957853634e-6,1.4168084793007937e-8
4.535023444032561e-6,1.4907431843493717e-8
4.553998416390417e-6,1.649679286343028e-8
4.558742159479881e-6,1.69186118123235e-8
4.563485902569345e-6,1.735047560899191e-8
4.572973388748273e-6,1.8245726922003478e-8
4.591948361106128e-6,2.0168815411069375e-8
4.5966921041955915e-6,2.06786332164437e-8
4.601435847285055e-6,2.1200734350283627e-8
4.6109233334639835e-6,2.2282329082693077e-8
4.629898305821839e-6,2.4604204102683533e-8
4.634642048911303e-6,2.5219335330249166e-8
4.639385792000767e-6,2.5849033425227006e-8
4.648873278179695e-6,2.7153154228108445e-8
4.667848250537551e-6,2.9950375984602166e-8
4.6725919936270145e-6,3.069116321686745e-8
4.677335736716478e-6,3.144905352070418e-8
4.6868232228954065e-6,3.301834224124073e-8
4.705798195253262e-6,3.63813468882579e-8
4.710541938342726e-6,3.7271319656393143e-8
4.71528568143219e-6,3.8181722480034146e-8
4.724773167611118e-6,4.0066040094204254e-8
4.743748139968974e-6,4.4101222114579997e-8
4.7484918830584375e-6,4.516837389903713e-8
4.753235626147901e-6,4.625980306975873e-8
4.7627231123268295e-6,4.851794075108194e-8
4.781698084684685e-6,5.3349842603962126e-8
4.786441827774149e-6,5.4626926891266344e-8
4.791185570863613e-6,5.593281774837827e-8
4.800673057042541e-6,5.863341207250616e-8
4.819648029400397e-6,6.440799930708735e-8
4.8243917724898605e-6,6.593351594127533e-8
4.829135515579324e-6,6.749266680593009e-8
4.8386230017582525e-6,7.071642701798191e-8
4.857597974116108e-6,7.760436735676303e-8
4.862740735214951e-6,7.957741936367867e-8
4.867883496313793e-6,8.159759842583571e-8
4.878169018511478e-6,8.578425684109225e-8
4.898740062906847e-6,9.47724197683373e-8
4.90388282400569e-6,9.715438102062387e-8
4.909025585104532e-6,9.95928180543575e-8
4.9193111073022165e-6,1.0464336436283763e-7
4.939882151697586e-6,1.1547783007393305e-7
4.9450249127964285e-6,1.1834701988821472e-7
4.950167673895271e-6,1.2128334013197888e-7
4.960453196092955e-6,1.2736327257483031e-7
4.981024240488325e-6,1.4039472734992646e-7
4.986167001587167e-6,1.43843416722162e-7
4.99130976268601e-6,1.4737191741123362e-7
5.001595284883694e-6,1.5467499610506984e-7
5.022166329279064e-6,1.7031565872487203e-7
5.027309090377906e-6,1.7445218515539544e-7
5.032451851476749e-6,1.7868333842959523e-7
5.042737373674433e-6,1.8743719737673245e-7
5.063308418069802e-6,2.0617012764508942e-7
5.068451179168645e-6,2.111213804861028e-7
5.0735939402674875e-6,2.1618449031290004e-7
5.083879462465172e-6,2.2665555047510975e-7
5.104450506860541e-6,2.490457674433016e-7
5.109593267959384e-6,2.549601558899089e-7
5.114736029058226e-6,2.610063050914083e-7
5.125021551255911e-6,2.7350593422730154e-7
5.14559259565128e-6,3.002133916937385e-7
5.150735356750123e-6,3.072635220069547e-7
5.155878117848965e-6,3.1446935910993295e-7
5.1661636400466495e-6,3.293603529593529e-7
5.186734684442019e-6,3.6115383862856687e-7
5.1918774455408615e-6,3.695416019365859e-7
5.197020206639704e-6,3.7811218469617095e-7
5.207305728837388e-6,3.9581710892926534e-7
5.227876773232758e-6,4.3359084862545036e-7
5.2330195343316e-6,4.435502363855403e-7
5.238162295430443e-6,4.5372439783796724e-7
5.248447817628127e-6,4.7473397750009634e-7
5.269018862023497e-6,5.195257910047034e-7
5.274161623122339e-6,5.313284811522616e-7
5.279304384221182e-6,5.433828858256922e-7
5.289589906418866e-6,5.682664852269785e-7
5.310160950814235e-6,6.212791188248261e-7
5.351303039604974e-6,7.415359470629778e-7
5.356445800703817e-6,7.580184996193013e-7
5.361588561802659e-6,7.748447642054657e-7
5.371874084000344e-6,8.095544241408571e-7
5.392445128395713e-6,8.833974303001346e-7
5.397587889494556e-6,9.028216949257663e-7
5.402730650593398e-6,9.226462305563891e-7
5.4130161727910825e-6,9.635271447153665e-7
5.433587217186452e-6,1.0504394536183338e-6
5.4387299782852945e-6,1.0732888181420324e-6
5.443872739384137e-6,1.0966038804150556e-6
5.454158261581821e-6,1.144666399889683e-6
5.474729305977191e-6,1.2467779759083117e-6
5.51587139476793e-6,1.4771423486944962e-6
5.521014155866772e-6,1.5085924035694138e-6
5.526156916965615e-6,1.5406692061083444e-6
5.536442439163299e-6,1.606749953167386e-6
5.557013483558668e-6,1.7469575900879657e-6
5.562156244657511e-6,1.7837586158843645e-6
5.5672990057563536e-6,1.8212850424952042e-6
5.577584527954038e-6,1.8985672558313163e-6
5.598155572349407e-6,2.062436538014414e-6
5.60329833344825e-6,2.1054253509679868e-6
5.608441094547092e-6,2.149252422723333e-6
5.618726616744777e-6,2.2394816547167284e-6
5.639297661140146e-6,2.430681977115973e-6
5.680439749930885e-6,2.859802172032961e-6
5.6855825110297275e-6,2.918169339030057e-6
5.69072527212857e-6,2.9776498022836613e-6
5.701010794326254e-6,3.100029638443488e-6
5.721581838721624e-6,3.3590368913476067e-6
5.726724599820466e-6,3.4268799085884153e-6
5.731867360919309e-6,3.4960028415837655e-6
5.742152883116993e-6,3.6381787633949387e-6
5.762723927512363e-6,3.938899860559484e-6
5.767866688611205e-6,4.017630007590647e-6
5.773009449710048e-6,4.09782955367187e-6
5.783294971907732e-6,4.262738899100265e-6
5.803866016303101e-6,4.6113355240333925e-6
5.84500810509384e-6,5.389892700542997e-6
5.850150866192683e-6,5.4954174307071385e-6
5.855293627291525e-6,5.602869522259593e-6
5.86557914948921e-6,5.823686839112533e-6
5.886150193884579e-6,6.289917529352273e-6
5.891292954983422e-6,6.411802200576182e-6
5.896435716082264e-6,6.535889413688027e-6
5.9067212382799485e-6,6.790818852543248e-6
5.927292282675318e-6,7.328764784311698e-6
5.9324350437741605e-6,7.469331632572097e-6
5.937577804873003e-6,7.612411358644093e-6
5.947863327070687e-6,7.906276987211337e-6
5.968434371466057e-6,8.526033171731471e-6
6.009576460256796e-6,9.903822927805022e-6
6.014719221355638e-6,0.000010089946512276498
6.019861982454481e-6,0.000010279327355348748
6.030147504652165e-6,0.000010668072460819756
6.050718549047534e-6,0.000011487018486753144
6.055861310146377e-6,0.000011700718169868169
6.0610040712452196e-6,0.000011918118330733165
6.071289593442904e-6,0.000012364257559560602
6.091860637838273e-6,0.000013303601169797484
6.097003398937116e-6,0.000013548609094504844
6.102146160035958e-6,0.000013797814783927138
6.112431682233643e-6,0.00001430908685786386
6.133002726629012e-6,0.00001538498970702204
6.17414481541975e-6,0.000017766413929034717
6.179287576518593e-6,0.000018087103977080765
6.184430337617434e-6,0.00001841317450311926
6.1947158598151195e-6,0.000019081790302665496
6.215286904210488e-6,0.000020487322730725437
6.220429665309331e-6,0.00002085344955544611
6.225572426408173e-6,0.000021225655114413923
6.2358579486058575e-6,0.00002198867487865359
6.256428993001227e-6,0.000023591832048254912
6.2615717541000695e-6,0.000024009261622212575
6.266714515198912e-6,0.000024433549848117786
6.277000037396596e-6,0.00002530311740007119
6.297571081791966e-6,0.000027129208752938334
6.3387131705827046e-6,0.00003115440181076954
6.343855931681547e-6,0.000031694826479090425
6.34899869278039e-6,0.000032243947608691184
6.359284214978074e-6,0.00003336879501074986
6.379855259373443e-6,0.000035728617195164064
6.384998020472286e-6,0.00003634230885687118
6.3901407815711285e-6,0.00003696577424468033
6.400426303768813e-6,0.000038242599177660664
6.420997348164182e-6,0.00004091994412952752
6.426140109263025e-6,0.000041615931078373804
6.431282870361867e-6,0.00004232288822488448
6.441568392559552e-6,0.000043770349763764076
6.462139436954921e-6,0.00004680403202717411
6.50328152574566e-6,0.000053464826509916546
6.5084242868445025e-6,0.000054356566716150535
6.513567047943345e-6,0.000055262076113509274
6.523852570141029e-6,0.00005711518391540382
6.544423614536399e-6,0.0000609953623459166
6.549566375635241e-6,0.00006200284757950245
6.554709136734084e-6,0.00006302573027528476
6.564994658931768e-6,0.0000651185521637722
6.5855657033271376e-6,0.00006949862337146541
6.59070846442598e-6,0.00007063547122809404
6.595851225524823e-6,0.00007178951679757121
6.606136747722507e-6,0.00007415015487334336
6.626707792117876e-6,0.00007908846783320803
6.667849880908615e-6,0.00008989062725827577
6.672992642007458e-6,0.00009133289625348553
6.6781354031063e-6,0.00009279654209428457
6.688420925303985e-6,0.00009578912532888384
6.708991969699354e-6,0.00010204378006931345
6.750134058490093e-6,0.0001157007071271459
6.7552768195889355e-6,0.00011752175438153622
6.760419580687778e-6,0.00011936924978000443
6.770705102885462e-6,0.00012314498936286792
6.791276147280832e-6,0.00013102953136518857
6.8324182360715706e-6,0.00014821504779240422
6.837560997170413e-6,0.00015050368359589294
6.842703758269256e-6,0.00015282489233719082
6.85298928046694e-6,0.0001575667211317447
6.873560324862309e-6,0.00016746014731955017
6.914702413653048e-6,0.00018898734078031691
6.919845174751891e-6,0.0001918505969427801
6.924987935850733e-6,0.00019475379047142915
6.935273458048418e-6,0.00020068202049451422
6.955844502443787e-6,0.00021304038657591587
6.996986591234526e-6,0.0002398860279043589
7.0021293523333685e-6,0.00024345232588467549
7.007272113432211e-6,0.0002470673776848196
7.017557635629895e-6,0.00025444616777715634
7.038128680025265e-6,0.0002698158457453644
7.0792707688160036e-6,0.00030314822928212843
7.084413529914846e-6,0.0003075709874419746
7.089556291013689e-6,0.00031205300856558207
7.099841813211373e-6,0.00032119772422867536
7.120412857606742e-6,0.000340230474955069
7.161554946397481e-6,0.0003814410120465584
7.166697707496324e-6,0.00038690273408496686
7.171840468595166e-6,0.0003924361936215256
7.182125990792851e-6,0.0004037217413999043
7.20269703518822e-6,0.0004271917686146162
7.243839123978959e-6,0.0004779306746595446
7.2489818850778015e-6,0.0004846475613674753
7.254124646176644e-6,0.0004914509324344404
7.264410168374328e-6,0.0005053211561232705
7.284981212769698e-6,0.0005341443155288205
7.3261233015604366e-6,0.0005963607355586877
7.331266062659279e-6,0.0006045878648359953
7.336408823758122e-6,0.0006129188405258028
7.346694345955806e-6,0.0006298970635695468
7.367265390351175e-6,0.0006651523995815113
7.408407479141914e-6,0.0007411393184637858
7.413550240240757e-6,0.0007511764341718199
7.418693001339599e-6,0.0007613377564642692
7.428978523537284e-6,0.0007820385597812014
7.449549567932653e-6,0.0008249923420455817
7.490691656723392e-6,0.0009174366243859739
7.4958344178222345e-6,0.0009296345778833997
7.500977178921077e-6,0.0009419805220319137
7.511262701118761e-6,0.0009671228407396414
7.531833745514131e-6,0.0010192552701524281
7.5729758343048696e-6,0.0011312931615096635
7.578118595403712e-6,0.001146061049463986
7.583261356502555e-6,0.0011610046063783243
7.593546878700239e-6,0.0011914262267027254
7.614117923095608e-6,0.00125446097479443
7.655260011886347e-6,0.0013897393888800001
7.660402772985189e-6,0.0014075524239580619
7.665545534084032e-6,0.0014255732168342806
7.675831056281717e-6,0.0014622467548329398
7.696402100677086e-6,0.0015381834905957034
7.737544189467825e-6,0.0017009273813551544
7.742686950566667e-6,0.0017223355330316225
7.74782971166551e-6,0.0017439885091067129
7.758115233863195e-6,0.0017880389393549925
7.778686278258564e-6,0.0018791889875658828
7.819828367049303e-6,0.0020742750803965254
7.824971128148144e-6,0.00209991252095618
7.830113889246988e-6,0.0021258374474417766
7.840399411444673e-6,0.0021785612516671917
7.860970455840041e-6,0.002287586506270698
7.90211254463078e-6,0.002520623630729383
7.907255305729622e-6,0.0025512190126556673
7.912398066828465e-6,0.0025821508080037772
7.92268358902615e-6,0.002645036795132604
7.943254633421519e-6,0.002774991999910945
7.984396722212258e-6,0.003052408219672512
7.9895394833111e-6,0.0030887958102258626
7.994682244409943e-6,0.0031255757320236568
8.004967766607628e-6,0.003200327577369163
8.025538811002997e-6,0.003354706055168649
8.066680899793736e-6,0.0036838427507144378
8.148965077375213e-6,0.0044311185648746925
8.154107838474055e-6,0.004482076749027283
8.159250599572898e-6,0.004533563245289759
8.169536121770583e-6,0.004638140507663592
8.190107166165952e-6,0.004853849547826305
8.231249254956691e-6,0.005312617306547155
8.236392016055533e-6,0.0053726286709180945
8.241534777154376e-6,0.005433250135860821
8.251820299352061e-6,0.005556345200371508
8.27239134374743e-6,0.005810099018551702
8.313533432538169e-6,0.006349137888307047
8.31867619363701e-6,0.006419588050639138
8.323818954735854e-6,0.006490740540904948
8.334104476933539e-6,0.006635177084027284
8.354675521328907e-6,0.006932750995550846
8.395817610119646e-6,0.007564137350906474
8.478101787701124e-6,0.008983985253044884
8.483244548799966e-6,0.00908018396817534
8.488387309898809e-6,0.009177304824399768
8.498672832096494e-6,0.009374343807304862
8.519243876491863e-6,0.009779829789755844
8.560385965282602e-6,0.010638231035986507
8.565528726381443e-6,0.010750138188504397
8.570671487480287e-6,0.010863097210492322
8.580957009677972e-6,0.01109220525917349
8.60152805407334e-6,0.01156342540228379
8.64267014286408e-6,0.0125598836158553
8.647812903962921e-6,0.012689683711328566
8.652955665061764e-6,0.012820680123458994
8.66324118725945e-6,0.013086300133487152
8.683812231654818e-6,0.013632320058300522
8.724954320445557e-6,0.014785702249347886
8.807238498027035e-6,0.017356497503301215
8.812381259125876e-6,0.01752963328303646
8.81752402022472e-6,0.017704303178025998
8.827809542422405e-6,0.018058292134112815
8.848380586817773e-6,0.018785198502680765
8.889522675608512e-6,0.020317440936162903
8.894665436707354e-6,0.020516565879809497
8.899808197806197e-6,0.02071742074166867
8.910093720003883e-6,0.02112437179917347
8.930664764399251e-6,0.02195960462870452
8.97180685318999e-6,0.023718381866326372
8.976949614288832e-6,0.023946774201503127
8.982092375387675e-6,0.024177111866432746
8.99237789758536e-6,0.02464367984010651
9.012948941980729e-6,0.02560078754863747
9.054091030771468e-6,0.02761416937717719
9.136375208352945e-6,0.03206497747322199
9.141517969451787e-6,0.03236305269312641
9.14666073055063e-6,0.03266356797891115
9.156946252748316e-6,0.033271986510208226
9.177517297143684e-6,0.0345188548976084
9.218659385934423e-6,0.0371366310710182
9.223802147033265e-6,0.0374758294010877
9.228944908132108e-6,0.03781774966324803
9.239230430329793e-6,0.03850982977167268
9.259801474725162e-6,0.03992747027509522
9.3009435635159e-6,0.04290093028842499
9.306086324614742e-6,0.0432859449655978
9.311229085713586e-6,0.04367398811045799
9.32151460791127e-6,0.044459239927071
9.34208565230664e-6,0.0460669722327763
9.383227741097378e-6,0.04943597027766492
9.465511918678856e-6,0.05682645364569292
9.470654679777698e-6,0.0573188155625261
9.475797440876541e-6,0.057814897862245945
9.486082963074226e-6,0.058818317292409585
9.506654007469595e-6,0.060870837443202874
9.547796096260334e-6,0.06516399231622072
9.630080273841811e-6,0.07454739551586308
9.635223034940653e-6,0.07517096939429566
9.640365796039496e-6,0.07579906825594296
9.650651318237182e-6,0.07706894925133143
9.67122236263255e-6,0.07966420922727044
9.712364451423289e-6,0.08508294041957964
9.794648629004767e-6,0.09688462186551129
9.799791390103608e-6,0.09766700696148257
9.804934151202452e-6,0.09845484239638182
9.815219673400137e-6,0.10004698816264475
9.835790717795505e-6,0.10329805343655875
9.876932806586244e-6,0.11007437744841976
9.959216984167722e-6,0.12478228423943252
9.964359745266564e-6,0.12575504973485185
9.969502506365407e-6,0.12673431819491
9.979788028563092e-6,0.12871250414066748
0.00001000035907295846,0.13274846027580295
0.0000100415011617492,0.14114672333449044
0.000010123785339330676,0.159314508445325
0.000010128587298363138,0.16043368776073738
0.000010133389257395603,0.16155956707146688
0.000010142993175460529,0.16383155326766327
0.00001016220101159038,0.1684573346493111
0.000010200616683850087,0.17804340648188102
0.000010277448028369497,0.1986131084202755
0.00001028224998740196,0.19996298966129353
0.000010287051946434423,0.20132064013802195
0.00001029665586449935,0.2040593891040485
0.000010315863700629204,0.20963166675451925
0.000010354279372888909,0.22116332512059708
0.00001043111071740832,0.2458402472575277
0.000010435912676440783,0.2474566176322972
0.000010440714635473246,0.24908192758771364
0.000010450318553538174,0.25235951904912346
0.000010469526389668027,0.25902366320516734
0.000010507942061927732,0.2727964769582915
0.000010584773406447144,0.30219092230220096
0.000010738436095485965,0.36896071544902487
0.000010743238054518428,0.3712300916796956
0.000010748040013550893,0.3735110378694039
0.000010757643931615819,0.3781078161107888
0.00001077685176774567,0.3874421525755752
0.000010815267440005377,0.40668390656368403
0.000010892098784524787,0.4475405039887101
0.00001089690074355725,0.4502023325287844
0.000010901702702589713,0.4528771779937463
0.00001091130662065464,0.458266105704627
0.000010930514456784494,0.4692022143425911
0.000010968930129044199,0.4917179530378418
0.00001104576147356361,0.5394085089467683
0.000011050563432596073,0.542510281902699
0.000011055365391628536,0.5456265934149641
0.000011064969309693464,0.5519030266313427
0.000011084177145823317,0.5646324988002632
0.000011122592818083022,0.5908088343002688
0.000011199424162602434,0.6461195514720478
0.000011353086851641255,0.7692914511621228
0.000011357888810673718,0.7734238761068536
0.000011362690769706183,0.777574050591749
0.000011372294687771109,0.7859278538274245
0.00001139150252390096,0.8028507182598267
0.000011429918196160667,0.8375690251329394
0.000011506749540680077,0.9105885708074716
0.00001151155149971254,0.9153145803284267
0.000011516353458745003,0.9200599937056579
0.00001152595737680993,0.9296092396065376
0.000011545165212939784,0.9489428612271321
0.000011583580885199488,0.988562250694107
0.0000116604122297189,1.0717025879955655
0.000011665214188751363,1.0770752554155079
0.000011670016147783826,1.0824689858402483
0.000011679620065848753,1.0933198423774948
0.000011698827901978607,1.11527658379993
0.000011737243574238312,1.1602217261026253
0.000011814074918757723,1.2543306530950593
0.000011967737607796545,1.4601511729168588
0.000011972539566829008,1.4669747540047
0.000011977341525861473,1.473822633917414
0.000011986945443926398,1.4875914855349333
0.00001200615328005625,1.5154229191381745
0.000012044568952315957,1.572271550652912
0.000012121400296835367,1.6907975372608262
0.00001227506298587419,1.9478301790216555
0.000012279864944906653,1.9563038463802775
0.000012284666903939116,1.964804759118473
0.000012294270822004043,1.9818884907293952
0.000012313478658133897,2.0163847612549812
0.000012351894330393602,2.086701883299293
0.000012428725674913013,2.2327074250585417
0.000012582388363951835,2.5467556522666017
0.000012587190322984298,2.5570528793354637
0.000012591992282016762,2.567379779169226
0.000012601596200081688,2.5881227271950813
0.00001262080403621154,2.6299661167421813
0.000012659219708471247,2.7150899122948653
0.000012736051052990657,2.8911393091852533
0.00001288971374202948,3.2668313962808586
0.000012894515701061943,3.2790850968953063
0.000012899317660094406,3.2913701469769663
0.000012908921578159333,3.316034371549773
0.000012928129414289186,3.3657398370670477
0.000012966545086548891,3.466662781584951
0.000013043376431068303,3.67458501643377
0.000013197039120107125,4.11490661026215
0.000013201841079139588,4.129194756850315
0.000013206643038172052,4.143514964450653
0.000013216246956236978,4.172251572192281
0.00001323545479236683,4.230109608601515
0.000013273870464626536,4.3473651331901
0.000013350701809145946,4.588031478333628
0.00001350436449818477,5.093902164155174
0.000013811689876262415,6.202081889922563
0.000013816491835294877,6.220392449871633
0.000013821293794327342,6.2387329367592965
0.000013830897712392268,6.275503542718185
0.00001385010554852212,6.349402224682051
0.000013888521220781826,6.498620725103884
0.000013965352565301236,6.8026679318791885
0.00001411901525434006,7.432538206386097
0.000014426340632417704,8.772947149075515
0.000015040991388572994,11.707918122222948
0.000015045699152230999,11.731336269726466
0.000015050406915889001,11.754764386065121
0.000015059822443205007,11.801650108244136
0.000015078653497837021,11.895536581265311
0.000015116315607101047,12.083746054911199
0.000015191639825629098,12.461720056993745
0.000015342288262685203,13.222324637723036
0.00001564358513679741,14.749173407653435
0.000015648292900455412,14.772967722031742
0.00001565300066411342,14.796757497576436
0.000015662416191429424,14.84432295313213
0.000015681247246061435,14.93939412605018
0.000015718909355325464,15.129270631141155
0.000015794233573853514,15.507744637659943
0.000015944882010909616,16.257845971851786
0.000016246178885021826,17.716825981947824
0.00001625088664867983,17.739060564264506
0.000016255594412337832,17.761275250128982
0.000016265009939653837,17.8056444642739
0.000016283840994285852,17.894138989953458
0.000016321503103549877,18.07012633527302
0.000016396827322077928,18.417886848945603
0.000016547475759134033,19.094917786621004
0.000016552183522792036,19.11564755332565
0.000016556891286450042,19.136350164144158
0.000016566306813766047,19.17767348254019
0.00001658513786839806,19.25998946634954
0.000016622799977662087,19.423274640257194
0.000016698124196190138,19.744266653538123
0.00001684877263324624,20.362447287087544
0.000016853480396904243,20.38122676294358
0.000016858188160562245,20.399972474377183
0.00001686760368787825,20.437362217115012
0.000016886434742510265,20.51173228633414
0.00001692409685177429,20.658813380448176
0.000016999421070302345,20.946171409404457
0.00001715006950735845,21.4923778612518
0.000017154777271016453,21.508810938776744
0.000017159485034674455,21.525204531941128
0.00001716890056199046,21.557872940504758
0.000017187731616622475,21.622732388678447
0.0000172253937258865,21.750523971084743
0.00001730071794441455,21.998258825407593
0.000017451366381470657,22.461282759389384
0.00001745607414512866,22.47503648828469
0.000017460781908786666,22.488746092369837
0.00001747019743610267,22.51603267385058
0.000017489028490734682,22.570073580981358
0.00001752669059999871,22.676012631435572
0.000017602014818526762,22.87921381821093
0.000017606722582184764,22.891525730287075
0.000017611430345842767,22.903791647010742
0.000017620845873158773,22.92818528108905
0.000017639676927790787,22.976418275942116
0.000017677339037054813,23.070655626935107
0.000017752663255582863,23.25012760995343
0.000017757371019240866,23.26094272736776
0.00001776207878289887,23.271710295368493
0.000017771494310214874,23.29310260997173
0.00001779032536484689,23.335314759248405
0.000017827987474110914,23.417439850487053
0.00001790331169263897,23.57242318896626
0.00001790801945629697,23.58169679339397
0.000017912727219954977,23.590921618715093
0.000017922142747270983,23.609224799775436
0.000017940973801902994,23.645244375726104
0.000017978635911167023,23.71492939025235
0.000018053960129695074,23.84483125226754
0.000018058667893353076,23.85252907997395
0.00001806337565701108,23.860177227446748
0.000018072791184327085,23.87532439061351
0.0000180916222389591,23.90502157029186
0.000018129284348223124,23.962022656758904
0.000018133992111881127,23.968923038772253
0.00001813869987553913,23.975773413523672
0.000018148115402855135,23.98932407072204
0.00001816694645748715,24.015824540218247
0.000018204608566751175,24.066418563123687
0.000018209316330409178,24.072516883129776
0.00001821402409406718,24.07856495093323
0.000018223439621383186,24.09051027988
0.0000182422706760152,24.113797378608375
0.000018279932785279226,24.157954946415067
0.00001828464054893723,24.16324789826718
0.00001828934831259523,24.168490434595107
0.00001829876383991124,24.178824230946987
0.000018317594894543255,24.19888652800062
0.00001835525700380728,24.236588680821416
0.000018359964767465283,24.241074259480804
0.00001836467253112329,24.245509340237856
0.000018374088058439295,24.254227998436896
0.000018392919113071306,24.271059251814336
0.000018430581222335334,24.30229737008965
0.000018435288985993337,24.305974859301177
0.00001843999674965134,24.309601848299113
0.000018449412276967345,24.316704335925042
0.00001846824333159936,24.330303438844204
0.000018505905440863385,24.355079126515744
0.000018510613204521388,24.357949083326638
0.00001851532096817939,24.360768616610137
0.000018524736495495396,24.366256442450464
0.00001854356755012741,24.376627357189417
0.000018548275313785413,24.379094149615703
0.00001855298307744342,24.381510586096226
0.000018562398604759425,24.386192430743844
0.000018581229659391436,24.394952300273985
0.00001858593742304944,24.39701653651133
0.00001859064518670744,24.399030503648905
0.000018600060714023447,24.40290767972657
0.00001860476847768145,24.404770913961947
0.000018609476241339453,24.40658392968717
0.00001861889176865546,24.410059359462828
0.000018623599532313464,24.41172180118173
0.00001862830729597147,24.41333407972589
0.000018637722823287476,24.41640820587596
0.000018656553877919487,24.42195516099739
0.00001866126164157749,24.423216721827
0.000018665969405235492,24.424428244291544
0.000018675384932551498,24.426701242092758
0.0000186800926962095,24.427762752141057
0.000018684800459867504,24.428774293246537
0.000018694215987183512,24.43064754124859
0.000018698923750841515,24.431509285178244
0.00001870363151449952,24.432321134230822
0.000018708339278157524,24.433083107645153
0.000018713047041815527,24.433795224948017
0.00001871775480547353,24.434457505953638
0.000018722462569131532,24.435069970763532
0.000018727170332789535,24.435632639766276
0.000018731878096447538,24.43614553363633
0.00001873658586010554,24.436608673333854
0.000018741293623763543,24.437022080105244
0.000018746001387421546,24.437385775481314
0.00001875070915107955,24.437699781277118
0.00001875541691473755,24.437964119592277
0.000018760124678395554,24.438178812809824
0.00001876483244205356,24.43834388359618
0.000018769540205711563,24.438459354899734
0.000018774247969369566,24.438525249952075
0.000018778955733027572,24.438541592265604
0.000018783663496685575,24.438508405635087
0.000018788371260343578,24.43842571413499
0.00001879307902400158,24.438293542120903
0.000018797786787659583,24.43811191422811
0.000018802494551317586,24.437880855371148
0.00001880720231497559,24.437600390743462
0.00001881191007863359,24.437270545817135
0.000018816617842291594,24.436891346342353
0.000018821325605949597,24.436462818346232
0.0000188260333696076,24.435984988133608
0.000018830741133265602,24.43545788228488
0.000018835448896923605,24.43488152765739
0.000018844864424239614,24.433581180870622
0.000018849572187897617,24.432857243800967
0.000018854279951555623,24.432084168130366
0.00001886369547887163,24.430390714177847
0.00001886840324252963,24.429470393173663
0.000018873111006187634,24.428501048122733
0.00001888252653350364,24.426415403427242
0.000018887234297161642,24.42529916323176
0.000018891942060819645,24.424134017888097
0.000018901357588135654,24.421657133622286
0.000018906065351793657,24.420345456305235
0.000018910773115451663,24.418984997049034
0.000018920188642767668,24.416117858873218
0.00001892489640642567,24.414611243697465
0.000018929604170083674,24.413055974069117
0.00001893901969739968,24.4097996018624
0.000018957850752031694,24.402704453302324
0.000018962558515689696,24.400809528296172
0.000018967266279347703,24.398866216505645
0.000018976681806663708,24.39483457138538
0.00001899551286129572,24.38619218122637
0.000019000220624953722,24.383911146355718
0.000019004928388611725,24.381582009064168
0.000019014343915927734,24.376779574296204
0.000019033174970559748,24.366599107848284
0.00001903788273421775,24.363934295644075
0.000019042590497875753,24.361221681791932
0.00001905200602519176,24.355653204339177
0.000019070837079823773,24.343944350839077
0.0000191084991890878,24.318248061641306
0.0000191132069527458,24.314823211007297
0.000019117914716403804,24.31135120831978
0.00001912733024371981,24.304265917766273
0.000019146161298351824,24.28953140632069
0.00001918382340761585,24.257816545980603
0.000019188531171273852,24.253642518951178
0.000019193238934931855,24.249422051493585
0.00001920265446224786,24.24084198144084
0.000019221485516879875,24.223126616765676
0.0000192591476261439,24.185485709471077
0.000019263855389801903,24.180574341728
0.000019268563153459906,24.175617304682493
0.00001927797868077591,24.16556642335215
0.000019296809735407926,24.144918848779916
0.00001933447184467195,24.101451972147284
0.000019409796063200006,24.005926355745522
0.000019414503826858008,23.99957950087303
0.000019419211590516014,23.99318868688005
0.00001942862711783202,23.980275409220397
0.00001944745817246403,23.953923860185355
0.00001948512028172806,23.89913379273167
0.00001956044450025611,23.78131241669193
0.000019565152263914113,23.773588045986234
0.000019569860027572116,23.765821631866782
0.00001957927555488812,23.750162925282805
0.000019598106609520136,23.718343771923152
0.00001963576871878416,23.652712836678056
0.000019711092937312212,23.513597398068725
0.000019861741374368317,23.20492249925181
0.000019866848156035702,23.193768009497223
0.000019871954937703084,23.182569179930507
0.000019882168501037847,23.160038873556015
0.000019902595627707373,23.11445028730455
0.000019943449881046426,23.021182293075025
0.000020025158387724532,22.826453881218075
0.000020188575401080743,22.405627899450867
0.000020193682182748124,22.391830018275318
0.000020198788964415506,22.377994069522977
0.00002020900252775027,22.35020837900993
0.000020229429654419795,22.29418470016807
0.000020270283907758848,22.18035123472613
0.000020351992414436957,21.94572588745296
0.00002051540942779317,21.450148358001023
0.000020520516209460553,21.434124556240082
0.000020525622991127935,21.418069420800595
0.000020535836554462698,21.385865578510494
0.000020556263681132224,21.32108661808443
0.000020597117934471277,21.190067706024585
0.000020678826441149383,20.922379272001443
0.000020842243454505597,20.365951525285958
0.000021169077481218022,19.181300595453024
0.000021174184262885404,19.162143877422153
0.000021179291044552785,19.142969608635127
0.00002118950460788755,19.10456884079948
0.000021209931734557075,19.027561334224583
0.000021250785987896128,18.872745977916864
0.000021332494494574237,18.560101184583125
0.00002149591150793045,17.924235224102915
0.000021822745534642876,16.621687503401457
0.00002247641358806773,13.97815161042404
0.000022481520369735112,13.95764574908924
0.000022486627151402494,13.937145454257546
0.000022496840714737257,13.896161844680309
0.000022517267841406783,13.81426449979794
0.000022558122094745836,13.6507647863788
0.000022639830601423945,13.325066655031799
0.00002280324761478016,12.679807343521654
0.000023130081641492585,11.42065662501496
0.00002313518842315997,11.40137125901556
0.00002314029520482735,11.382098952388823
0.000023150508768162115,11.343593703781604
0.00002317093589483164,11.266741960673869
0.000023211790148170694,11.113683702664018
0.0000232934986548488,10.810227364842534
0.00002345691566820501,10.214550998852372
0.00002378374969491744,9.07230490580201
0.00002378885647658482,9.055009881290376
0.000023793963258252202,9.03773246113932
0.000023804176821586965,9.003230532381474
0.000023824603948256492,8.934439001388192
0.000023865458201595545,8.79771055555427
0.000023947166708273653,8.527712506433188
0.000024110583721629868,8.001841844949185
0.000024437417748342293,7.00841846810621
0.000024442524530009678,6.99352568915081
0.00002444763131167706,6.978652467941045
0.000024457844875011823,6.948964724594712
0.00002447827200168135,6.889824208162069
0.000024519126255020402,6.772484345620393
0.000024600834761698508,6.541578002058864
0.00002476425177505472,6.094903434948861
0.000025091085801767147,5.262089654041171
0.000025095851781368152,5.2505394772199985
0.000025100617760969153,5.239006277346551
0.00002511014972017116,5.215990786314189
0.00002512921363857517,5.170163280644357
0.00002516734147538319,5.079320854316711
0.00002524359714899923,4.900874948951244
0.00002539610849623131,4.556835092129409
0.00002570113119069547,3.9191469436219335
0.000025705897170296475,3.909705412023127
0.000025710663149897476,3.900279703123152
0.00002572019510909948,3.881475705286324
0.000025739259027503492,3.8440570504122973
0.00002577738686431151,3.769974359927833
0.000025853642537927552,3.624805015769064
0.00002600615388515963,3.3462636083441972
0.000026311176579623793,2.834772158168435
0.000026315942559224797,2.827247026959777
0.0000263207085388258,2.8197359280332326
0.000026330240498027804,2.8047557648904324
0.000026349304416431815,2.7749631415324805
0.000026387432253239834,2.716045205251455
0.000026463687926855875,2.6008503524422646
0.000026616199274087954,2.3807959270244834
0.000026620965253688955,2.374136924389124
0.00002662573123328996,2.367490931150794
0.000026635263192491962,2.354237907426059
0.000026654327110895973,2.3278872524291274
0.000026692454947703995,2.275803836902618
0.000026768710621320033,2.174079080335736
0.000026921221968552115,1.980160536349058
0.00002692598794815312,1.9743008692657946
0.00002693075392775412,1.9684531519511936
0.000026940285886956127,1.956793499887526
0.000026959349805360138,1.9336168587485552
0.000026997477642168157,1.8878304892395734
0.000027073733315784198,1.7984954799791573
0.000027226244663016277,1.6285371368322372
0.000027531267357480438,1.3215627491006852
0.000027536033337081443,1.3170974768235086
0.000027540799316682444,1.3126420365247726
0.00002755033127588445,1.303760587149322
0.00002756939519428846,1.2861149607860445
0.00002760752303109648,1.251289185168743
0.00002768377870471252,1.183470768866539
0.0000278362900519446,1.0549384563433528
0.0000278410560315456,1.051070212516248
0.000027845822011146605,1.0472107851608394
0.000027855353970348607,1.0395183178501128
0.00002787441788875262,1.0242384994086622
0.00002791254572556064,0.9940958702721595
0.00002798880139917668,0.9354511571013927
0.00002814131274640876,0.8245068519311547
0.000028146078726009765,0.8211721352090239
0.000028150844705610766,0.817845268826425
0.000028160376664812772,0.811215028511703
0.000028179440583216783,0.7980481085411906
0.000028217568420024802,0.772085250459969
0.000028293824093640843,0.72161757622689
0.000028446335440872922,0.6263105947355032
0.000028751358135337084,0.45663419940984246
0.000028756124114938088,0.4541905581023097
0.00002876089009453909,0.45175301984542604
0.000028770422053741095,0.44689620214670894
0.000028789485972145106,0.4372552506135702
0.000028827613808953125,0.41826128618532415
0.000028903869482569166,0.3814029675905704
0.000029056380829801245,0.31203131651711463
0.000029061146809402246,0.30995360725229976
0.00002906591278900325,0.30788123002803325
0.000029075444748205253,0.30375242577570677
0.000029094508666609264,0.29555829754441976
0.000029132636503417286,0.2794214126315713
0.000029208892177033324,0.24813296525937317
0.000029361403524265406,0.1893397666686177
0.00002936616950386641,0.18758087320572137
0.000029370935483467412,0.18582661152881383
0.000029380467442669417,0.18233194202202557
0.00002939953136107343,0.1753977287709117
0.000029437659197881447,0.16174750266247986
0.00002951391487149749,0.13530165962409973
0.000029666426218729568,0.0856865112632513
0.00002967119219833057,0.08420382930129766
0.000029675958177931573,0.08272514881557226
0.000029685490137133575,0.07977975507187843
0.000029704554055537586,0.07393657701689005
0.00002974268189234561,0.06243859663534164
0.000029818937565961647,0.040179863234519955
0.00002997144891319373,-0.001515404850065708
0.00002997661391080411,-0.002864118864715099
0.00002998177890841449,-0.004208794980347156
0.000029992108903635252,-0.006886075598061084
0.000030012768894076775,-0.012192643749892712
0.000030054088874959825,-0.022616136601924894
0.00003013672883672592,-0.04272289208042621
0.00003030200876025811,-0.08011769344431162
0.000030307173757868492,-0.08122831627309322
0.000030312338755478872,-0.08233553224658965
0.000030322668750699632,-0.08453978036606312
0.00003034332874114116,-0.08890779733783007
0.000030384648722024205,-0.09748394578194618
0.000030467288683790297,-0.11401268696802853
0.00003063256860732249,-0.14469964733111856
0.000030637733604932876,-0.14560993752491475
0.000030642898602543256,-0.14651736960715056
0.000030653228597764015,-0.14832369125014544
0.000030673888588205535,-0.1519023861131072
0.00003071520856908859,-0.15892574012356997
0.00003079784853085468,-0.1724501261781454
0.000030963128454386866,-0.19751636553555726
0.000030968293451997245,-0.19825903214621543
0.000030973458449607625,-0.19899931408739088
0.000030983788444828385,-0.20047275130081177
0.00003100444843526991,-0.20339130950087309
0.00003104576841615296,-0.20911667076593637
0.00003112840837791906,-0.22013223223304748
0.00003129368830145125,-0.24051416265964506
0.00003129885329906163,-0.24111732546955347
0.00003130401829667201,-0.2417185090804696
0.00003131434829189277,-0.24291496203273533
0.000031335008282334295,-0.2452843733240962
0.00003137632826321734,-0.24993050487083196
0.00003145896822498344,-0.25886210854941605
0.00003162424814851563,-0.2753604757552743
0.00003162941314612601,-0.2758481364783645
0.00003163457814373639,-0.27633416285139323
0.00003164490813895715,-0.27730133231735227
0.00003166556812939868,-0.2792162757899165
0.000031706888110281725,-0.28296967134594914
0.000031789528072047824,-0.29017904914551973
0.000031954807995580016,-0.303473897847414
0.000031959972993190396,-0.30386640488672256
0.000031965137990800776,-0.30425756894093753
0.000031975467986021535,-0.30503588474166393
0.00003199612797646306,-0.30657658301281926
0.00003203744795734611,-0.30959516397082804
0.00003212008791911221,-0.31538825604915616
0.0000322853678426444,-0.3260533754770756
0.00003229053284025478,-0.32636786952519414
0.00003229569783786516,-0.32668126522809265
0.00003230602783308592,-0.3273047755317688
0.000032326687823527445,-0.328538768717885
0.00003236800780441049,-0.33095541310745474
0.000032450647766176584,-0.33558934647637606
0.000032615927689708776,-0.3441058853533864
0.00003262109268731916,-0.3443567170865536
0.00003262625768492954,-0.34460665466171503
0.0000326365876801503,-0.3451038589322567
0.00003265724767059182,-0.3460876646425724
0.000032698567651474875,-0.3480135032271743
0.00003278120761324097,-0.3517030862857699
0.00003294648753677315,-0.35847213667696715
0.00003295165253438353,-0.3586712510585785
0.00003295681753199391,-0.3588696407378912
0.00003296714752721467,-0.35926425558418035
0.0000329878075176562,-0.36004489398401973
0.000033029127498539245,-0.36157233369803427
0.000033111767460305344,-0.36449599532973764
0.000033277047383837536,-0.36985003324979543
0.000033282212381447916,-0.3700073175543547
0.000033287377379058296,-0.37016401702439783
0.000033297707374279055,-0.37047566935735937
0.00003331836736472058,-0.3710920425340533
0.00003335968734560363,-0.37229749738675355
0.00003344232730736973,-0.3746026372572183
0.000033447492304980114,-0.3747421572356224
0.000033452657302590494,-0.3748811526660919
0.000033462987297811254,-0.37515757703399655
0.000033483647288252774,-0.3757042095401883
0.000033524967269135827,-0.3767730029414296
0.00003360760723090192,-0.3788157768982053
0.0000336127722285123,-0.378939371581614
0.00003361793722612268,-0.37906249627417327
0.00003362826722134344,-0.3793073421528935
0.000033648927211784965,-0.37979146486675736
0.00003369024719266801,-0.3807377897308469
0.00003377288715443411,-0.3825455354117751
0.0000339381670779663,-0.38584260572266577
0.00003394333207557668,-0.3859391787549257
0.00003394849707318706,-0.38603537562048434
0.00003395882706840782,-0.3862266461204886
0.00003397948705884935,-0.38660473084431884
0.000034020807039732395,-0.38734336483502385
0.000034103447001498494,-0.3887527526006698
0.00003410861199910888,-0.3888379215326309
0.00003411377699671926,-0.38892275443357227
0.00003412410699194002,-0.3890914168909788
0.00003414476698238154,-0.38942476144742966
0.00003418608696326459,-0.39007579006981846
0.000034268726925030686,-0.39131724226748943
0.000034273891922641066,-0.3913922286091447
0.000034279056920251446,-0.39146691506558656
0.000034289386915472206,-0.3916153925972581
0.00003431004690591373,-0.3919087958523035
0.00003435136688679678,-0.39248162993657587
0.00003443400684856287,-0.3935732408275008
0.00003459928677209506,-0.39555418297624584
0.00003460445176970545,-0.395611991579175
0.00003460961676731583,-0.3956695620279908
0.00003461994676253659,-0.3957839919133186
0.00003464060675297811,-0.396010031622231
0.00003468192673386116,-0.3964510202773213
0.000034764566695627254,-0.3972901124861836
0.000034769731693237634,-0.39734071418851613
0.000034774896690848014,-0.3973911039585471
0.000034785226686068774,-0.39749125079661607
0.0000348058866765103,-0.39768903518158194
0.000034847206657393347,-0.39807473671931026
0.00003492984661915944,-0.39880799599403144
0.00003493501161676982,-0.3988521871328354
0.0000349401766143802,-0.39889618984866143
0.00003495050660960096,-0.39898363278406856
0.000034971166600042485,-0.39915628794819114
0.00003501248658092553,-0.39949282768446204
0.00003509512654269163,-0.4001320116147399
0.00003526040646622382,-0.40128381390869616
0.00003526547726845975,-0.4013166413896084
0.000035270548070695665,-0.4013493256960511
0.00003528068967516751,-0.4014142668856978
0.000035300972884111194,-0.4015424541728496
0.00003534153930199856,-0.4017921636801362
0.000035422672137773296,-0.40226582131391764
0.00003542774294000922,-0.4022943190872669
0.00003543281374224514,-0.40232268963265416
0.00003544295534671698,-0.4023790509182811
0.00003546323855566067,-0.40249026733773946
0.00003550380497354803,-0.40270677875250577
0.00003558493780932277,-0.4031169201107621
0.000035590008611558694,-0.40314157195717093
0.00003559507941379461,-0.4031661108415723
0.000035605221018266455,-0.40321485140514374
0.00003562550422721014,-0.40331099539536236
0.000035666070645097506,-0.4034980270760059
0.00003574720348087224,-0.40385178406751154
0.00003590946915242171,-0.4044835287950039
0.00003591453995465763,-0.4045017404808402
0.00003591961075689355,-0.404519863340497
0.00003592975236136539,-0.40455584392172095
0.000035950035570309074,-0.40462675384443997
0.000035990601988196446,-0.40476444225001335
0.000036071734823971176,-0.4050238659353256
0.0000360768056262071,-0.40503939571142195
0.00003608187642844302,-0.40505484681779147
0.00003609201803291486,-0.40508551421582695
0.00003611230124185855,-0.4051459180577397
0.00003615286765974591,-0.4052630674650073
0.00003623400049552065,-0.4054832435480356
0.000036239071297756574,-0.40549639898014067
0.00003624414209999249,-0.40550948479437826
0.000036254283704464335,-0.4055354486326575
0.00003627456691340802,-0.40558655254626275
0.000036315133331295386,-0.4056855236940384
0.00003639626616707012,-0.4058709737419486
0.00003640133696930605,-0.4058820288234949
0.000036406407771541966,-0.4058930223466754
0.00003641654937601381,-0.40591482566529513
0.000036436832584957495,-0.40595770397418734
0.00003647739900284486,-0.40604059922045466
0.000036558531838619597,-0.40619534854668377
0.00003656360264085552,-0.4062045471398234
0.00003656867344309144,-0.4062136913446784
0.00003657881504756328,-0.4062318174319267
0.00003659909825650697,-0.40626742616838213
0.00003663966467439433,-0.4063361160687804
0.00003672079751016907,-0.4064637449611425
0.000036725868312404995,-0.4064713039156794
0.00003673093911464091,-0.4064788148546219
0.000036741080719112756,-0.4064936934344172
0.00003676136392805644,-0.4065228826002478
0.00003680193034594381,-0.4065790299759507
0.000036883063181718543,-0.4066827200601101
0.00003688813398395447,-0.40668883203369377
0.000036893204786190386,-0.4066949016512632
0.00003690334639066223,-0.40670691448163987
0.000036923629599605915,-0.4067304391385317
0.00003696419601749328,-0.40677552084082363
0.0000369692668197292,-0.4067809747148752
0.00003697433762196512,-0.4067863888186216
0.00003698447922643696,-0.40679709834074973
0.000037004762435380645,-0.4068180469892621
0.00003704532885326802,-0.40685809698736664
0.00003705039965550394,-0.40686293299537896
0.00003705547045773986,-0.40686773166841267
0.0000370656120622117,-0.40687721759855744
0.00003708589527115538,-0.4068957478865981
0.00003712646168904275,-0.4069310744532347
0.000037207594524817484,-0.4069950426061749
0.0000372126653270534,-0.40699875432163474
0.000037217736129289326,-0.407002433152914
0.00003722787773376116,-0.40700969268679615
0.00003724816094270485,-0.40702382286310196
0.00003728872736059222,-0.40705055624777076
0.000037293798162828145,-0.40705375722211595
0.00003729886896506406,-0.40705692734402416
0.000037309010569535906,-0.4070631755217314
0.000037329293778479585,-0.4070753070247769
0.00003736986019636695,-0.40709813753122087
0.000037374930998602875,-0.407100859357059
0.00003738000180083879,-0.4071035522418022
0.000037390143405310636,-0.40710885165029764
0.00003741042661425432,-0.4071191082334518
0.00003745099303214169,-0.4071382777789235
0.000037456063834377605,-0.4071405501799583
0.00003746113463661353,-0.40714279543828963
0.000037471276241085366,-0.4071472049606442
0.00003749155945002905,-0.40715570304858684
0.000037532125867916424,-0.40717143920719623
0.00003753719667015235,-0.4071732901435494
0.00003754226747238827,-0.4071751156283617
0.00003755240907686011,-0.4071786906514764
0.000037572692285803795,-0.4071855397518277
0.00003757776308803972,-0.4071871899168491
0.00003758283389027564,-0.4071888154377937
0.00003759297549474748,-0.40719199294281005
0.00003761325870369116,-0.40719805656051633
0.00003761832950592708,-0.4071995123273134
0.000037623400308163,-0.4072009442329407
0.00003763354191263484,-0.407203736844182
0.000037653825121578525,-0.407209039937675
0.0000376943915394659,-0.4072185386600494
0.00003769946234170182,-0.40721962398177386
0.00003770453314393774,-0.40722068693745134
0.00003771467474840958,-0.407222746111393
0.00003773495795735327,-0.4072266000205278
0.000037740028759589194,-0.40722750892513987
0.00003774509956182511,-0.40722839617717266
0.000037755241166296955,-0.40723010607397553
0.000037775524375240634,-0.40723326987105607
0.00003778059517747655,-0.40723400799071785
0.00003778566597971248,-0.4072347251496315
0.00003779580758418431,-0.4072360969249606
0.00003780087838642024,-0.40723675171029566
0.000037805949188656156,-0.40723738587278124
0.000037816090793128,-0.40723859266394374
0.000037821161595363924,-0.4072391654587984
0.00003782623239759984,-0.4072397179636955
0.000037836374002071685,-0.407240762432456
0.00003784144480430761,-0.40724125456005333
0.00003784651560654353,-0.4072417267253995
0.00003785665721101537,-0.4072426114925146
0.000037861728013251295,-0.40724302425581216
0.000037866798815487214,-0.40724341737920045
0.000037876940419959056,-0.4072441450251937
0.00003788201122219498,-0.4072444797068238
0.0000378870820244309,-0.4072447950659394
0.00003789722362890274,-0.40724536813127993
0.00003790229443113867,-0.4072456259937286
0.000037907365233374585,-0.40724586484664677
0.0000379124360356105,-0.4072460847671628
0.00003791750683784643,-0.4072462858324647
0.000037922577640082346,-0.40724646811938287
0.000037927648442318264,-0.40724663170427083
0.00003793271924455419,-0.4072467766636014
0.00003793779004679011,-0.4072469030730128
0.000037942860849026025,-0.40724701100838184
0.00003794793165126195,-0.4072471005446315
0.00003795300245349787,-0.4072471717572808
0.000037958073255733786,-0.40724722472059727
0.00003796314405796971,-0.4072472595093846
0.00003796821486020563,-0.40724727619749307
0.00003797328566244155,-0.40724727485895157
0.00003797835646467747,-0.407247255567193
0.0000379834272669134,-0.40724721839582917
0.000037988498069149315,-0.4072471634175181
0.00003799356887138523,-0.4072470907049775
0.00003799863967362116,-0.4072470003309846
0.00003800371047585708,-0.40724689236724376
0.000038008781278093,-0.407246766885817
0.00003801385208032892,-0.40724662395823
0.000038018922882564844,-0.40724646365594863
0.00003802399368480077,-0.40724628604990243
0.00003802906448703669,-0.4072460912106633
0.000038034135289272605,-0.40724587920910116
0.00003803920609150853,-0.4072456501148939
0.000038044276893744455,-0.40724540399837494
0.00003804934769598037,-0.40724514092892405
0.000038059489300452216,-0.40724456420898436
0.00003806456010268814,-0.4072442506962418
0.00003806963090492406,-0.40724392050665614
0.0000380797725093959,-0.4072432103693485
0.00003808484331163182,-0.40724283055752514
0.00003808991411386774,-0.40724243434029817
0.00003810005571833958,-0.4072415929583907
0.0000381051265205755,-0.40724114792734384
0.000038110197322811424,-0.40724068675816055
0.00003812033892728326,-0.40723971627020833
0.000038140622136226946,-0.40723758453196285
0.00003814569293846287,-0.40723701223504544
0.00003815076374069879,-0.40723642432212825
0.00003816090534517063,-0.40723520190507173
0.00003818118855411432,-0.4072325724858045
0.00003818625935635024,-0.40723187704354524
0.00003819133015858616,-0.4072311664915085
0.000038201471763058,-0.4072297003061771
0.00003822175497200169,-0.4072265893354416
0.000038226825774237614,-0.40722577474081517
0.00003823189657647353,-0.4072249455267787
0.000038242038180945375,-0.40722324348056316
0.000038262321389889054,-0.40721966658711434
0.00003826739219212497,-0.40721873670899866
0.0000382724629943609,-0.40721779268634317
0.00003828260459883273,-0.40721586244064567
0.00003830288780777642,-0.40721183476710315
0.00003834345422566379,-0.4072031234513521
0.000038348525027899716,-0.4072019741343856
0.000038353595830135634,-0.4072008115789294
0.00003836373743460748,-0.4071984469720721
0.000038384020643551156,-0.40719356129318474
0.00003842458706143852,-0.40718317605066295
0.00003850571989721326,-0.4071600430307388
0.000038510790699449176,-0.40715849619716404
0.0000385158615016851,-0.4071569377737641
0.00003852600310615694,-0.4071537863497734
0.00003854628631510062,-0.4071473465309739
0.000038586852732987994,-0.40713392955255506
0.000038667985568762724,-0.40710502808755633
0.00003867305637099865,-0.4071031333585977
0.00003867812717323457,-0.40710122849059105
0.00003868826877770641,-0.4070973885065317
0.000038708551986650096,-0.4070895887230038
0.00003874911840453746,-0.4070735191679597
0.0000388302512403122,-0.4070395720956325
0.00003883532204254812,-0.40703737312734123
0.00003884039284478404,-0.40703516529560085
0.000038850534449255884,-0.4070307231914997
0.00003887081765819957,-0.40702173425358534
0.000038911384076086934,-0.4070033456109762
0.00003899251691186167,-0.4069649885240197
0.000039154782583411145,-0.4068824316703081
0.00003915985338564707,-0.4068797346961498
0.00003916492418788299,-0.40687703096455335
0.00003917506579235483,-0.40687160334330796
0.000039195349001298516,-0.40686066826713085
0.00003923591541918588,-0.40683848506289716
0.00003931704825496062,-0.40679291520053146
0.00003947931392651009,-0.40669732863372565
0.00003980384526960903,-0.40649096875220536
0.00004045290795580692,-0.40603387149024006
0.00004045763795597646,-0.4060303777772784
0.000040462367956146,-0.40602688214093446
0.00004047182795648508,-0.4060198851302266
0.00004049074795716325,-0.40600586837905644
0.00004052858795851959,-0.40597774571233985
0.00004060426796123226,-0.4059211573459506
0.000040755627966657595,-0.4058067112070918
0.00004105834797750827,-0.40557347181415554
0.00004166378799920963,-0.40509423509186504
0.00004287466804261234,-0.4041082521370053
0.00004529642812941777,-0.40210563869976995
0.000050548542744632126,-0.3977757367657423
0.00005545167604387424,-0.3937746650229692
0.00006025835327966935,-0.389891367264688
0.00006547362495706796,-0.3857212727725506
0.00007033991531849433,-0.3818704553588629
0.00007561480012152421,-0.3777397165389061
0.00008079322886110709,-0.3737279794819355
0.00008562267628471772,-0.37002500396603344
0.00009086071814993186,-0.36605020470571514
0.00009574977869917375,-0.3623787581615448
0.00010104743369001916,-0.35844203455036877
0.00010624863261741756,-0.35461859677028656
0.00011110085022884373,-0.35108847745800015
0.00011636166228187339,-0.347300788135767
0.00012127349301893082,-0.3438012548947334
0.00012608886769254125,-0.34040467669939994
0.00013131283680775516,-0.33675782946407795
0.00013618782460699682,-0.3333898559749126
0.000141471406847842,-0.32977762374210356
0.0001466585330252402,-0.3262694110510349
0.0001514966778866661,-0.32303087210449577
0.00015674341718969556,-0.31955515203377605
0.00016164117517675276,-0.3163443731563985
0.00016644247710036295,-0.31322814321032166
0.00017165237346557666,-0.3098814369008243
0.00017651328851481812,-0.3067911605942249
0.00018178279800566308,-0.30347592701113224
0.0001867033261805358,-0.3004126022323966
0.00019152739829196152,-0.29743934744912387
0.00019676006484499074,-0.29424752264246345
0.0002016437500820477,-0.29129947822850943
0.0002069360297607082,-0.2881381221355796
0.0002121318533759217,-0.2850677631757259
0.00021697869567516292,-0.2822331290752291
0.00022223413241600768,-0.2791913743407428
0.0002271405878408802,-0.276381200294137
0.0002319505872023057,-0.27365373021200295
0.0002371691810053347,-0.27072500435447694
0.00024203879349239148,-0.2680204070930183
0.0002473170004210518,-0.2651193819845617
0.00025249875128626506,-0.26230191829141974
0.0002573315208355061,-0.25970119675979014
0.0002625728848263506,-0.2569097332822978
0.00026746526750122293,-0.2543312125223875
0.00027276624461769873,-0.25156654680225254
0.00027797076567072755,-0.24888142616567013
0.0002828263054077841,-0.24640220014247297
0.00028809043958644414,-0.24374224058276414
0.00029300559244913195,-0.2412845494365692
0.0002978242892483728,-0.23889914674997328
0.0003030515804892171,-0.23633813680964708
0.0003079298904140892,-0.2339728754325509
0.0003132167947805648,-0.2314362269271016
0.00031840724308359345,-0.2289726130363345
0.0003232487100706498,-0.22669828592830896
0.0003284987714993096,-0.22425754090344904
0.00033339985161199724,-0.22200275856661797
0.00033820447566123787,-0.2198143587858677
0.000343417694152082,-0.21746424850484727
0.00034828193132695385,-0.21529412302690742
0.00035355476294342926,-0.21296616206863522
0.0003584786132439324,-0.2108150103868246
0.0003633060074809885,-0.20872709449100493
0.00036854199615964816,-0.20648582743623853
0.00037342900352233557,-0.20441566082966325
0.0003787246053266265,-0.20219583487293125
0.0003839237510674704,-0.20003989450934528
0.00038877391549234206,-0.1980493971594274
0.0003940326743588172,-0.19591358681109547
0.00039894245190932014,-0.19394030891519784
0.0004037557733963761,-0.19202509210083124
0.0004089776893250355,-0.1899686796353331
0.00041385062393772267,-0.18806956607269604
0.0004191321529920134,-0.1860326463010018
0.00042431722598285706,-0.18405438855672163
0.0004291533176577285,-0.18222824246829883
0.00043439800377420345,-0.1802682816837165
0.0004392937085747062,-0.17845776424763532
0.00044409295731176186,-0.1767005691191692
0.0004493008004904211,-0.17481334053426129
0.00045415966235310806,-0.17307075637578917
0.0004594271186573985,-0.17120125129127953
0.00046434559364571675,-0.16947384143309643
0.000469167612570588,-0.16779722897161928
0.00047439822593706274,-0.1659972978468379
0.0004792798579875652,-0.1643348787470068
0.00048457008447967123,-0.1625521065367223
0.0004897638549083303,-0.1608206551585251
0.000494608644021017,-0.159222173592516
0.0004946139090121581,-0.15922044514138708
0.0004946191740032991,-0.15921871670905774
0.0004946297039855813,-0.1592152599006883
0.0004946507639501457,-0.1592083465090646
0.0004946928838792744,-0.1591945206263952
0.0004947771237375319,-0.15916687246293093
0.0004949456034540468,-0.15911159054058152
0.0004952825628870767,-0.1590010842908535
0.0004959564817531365,-0.15878030198461887
0.000497304319485256,-0.1583396566539187
0.0004973095844763971,-0.15833793778307056
0.0004973148494675382,-0.15833621893088182
0.0004973253794498204,-0.15833278128246356
0.0004973464394143847,-0.15832590620954848
0.0004973885593435134,-0.1583121569592687
0.000497472799201771,-0.1582846620406017
0.0004976412789182859,-0.1582296865280429
0.0004979782383513157,-0.15811979277866584
0.0004986521572173754,-0.15790023419726457
0.0004986574222085165,-0.15789852009658978
0.0004986626871996576,-0.15789680601454054
0.0004986732171819398,-0.15789337790626393
0.0004986942771465041,-0.1578865219129569
0.0004987363970756328,-0.15787281081944382
0.0004988206369338904,-0.15784539220436974
0.0004989891166504053,-0.1577905692592608
0.0004993260760834351,-0.15768098048579654
0.0004993313410745762,-0.15767926876525082
0.0004993366060657173,-0.15767755706330475
0.0004993471360479995,-0.15767413371513908
0.0004993681960125639,-0.15766728724179774
0.0004994103159416926,-0.15765359518694
0.0004994945557999501,-0.15762621464423474
0.000499663035516465,-0.15757146782397397
0.0004996683005076061,-0.15756975729225312
0.0004996735654987472,-0.157568046779119
0.0004996840954810294,-0.1575646258085386
0.0004997051554455937,-0.1575577840901949
0.0004997472753747225,-0.15754410154474896
0.00049983151523298,-0.1575167400184078
0.0004998367802241211,-0.15751503008078974
0.0004998420452152622,-0.15751332016175196
0.0004998525751975444,-0.15750990037934484
0.0004998736351621087,-0.1575030610372883
0.0004999157550912374,-0.15748938324405337
0.0004999210200823785,-0.15748767360342722
0.0004999262850735196,-0.15748596398136022
0.0004999368150558018,-0.157482544792885
0.0004999578750203662,-0.15747570663865357
0.0004999631400115072,-0.15747399714647717
0.0004999684050026483,-0.15747228767287622
0.0004999789349849305,-0.15746886878132826
0.0004999841999760716,-0.15746715936338085
0.0004999894649672127,-0.1574654499640081
0.0004999947299583539,-0.15746374058319187
0.000499999994949495,-0.1574620312209141