5.050505050505051e-12,-8.186709294724397e-15
4.748793594514428e-9,-2.5187234035740518e-14
9.492536683978351e-9,1.6407166606420825e-14
1.4236279773442274e-8,8.718163984838858e-15
1.8980022862906198e-8,7.982435249364702e-15
2.372376595237012e-8,9.053723140957709e-15
2.8467509041834044e-8,9.611986750097268e-15
3.321125213129797e-8,-3.0918096289403005e-14
3.795499522076189e-8,2.4117433055033424e-15
4.269873831022581e-8,8.148257179295847e-15
4.7442481399689735e-8,-2.0151784536026374e-14
5.218622448915366e-8,8.088876380278626e-16
5.6929967578617583e-8,-2.3604402230380117e-14
6.167371066808151e-8,-9.488619250602035e-15
6.641745375754543e-8,2.2089942980255273e-14
7.116119684700936e-8,2.1893773781959072e-15
7.590493993647328e-8,-6.2710597693731986e-15
8.06486830259372e-8,1.1395966762212961e-14
8.539242611540113e-8,-1.8967120515506353e-14
9.013616920486505e-8,1.2779903208696231e-14
9.487991229432898e-8,1.3590554408738769e-14
9.96236553837929e-8,-1.481532084625541e-14
1.0436739847325683e-7,-1.9727289080249886e-14
1.0911114156272074e-7,-1.7452517902128232e-14
1.1385488465218466e-7,1.6005804908216176e-14
1.1859862774164859e-7,5.160858957087187e-15
1.233423708311125e-7,-1.390089550945213e-14
1.2808611392057644e-7,-2.5344403582662865e-14
1.3282985701004035e-7,2.6447319036116167e-14
1.3757360009950426e-7,1.807756572545258e-14
1.423173431889682e-7,-2.5769034677718842e-14
1.4706108627843213e-7,-1.3307236536988804e-14
1.5180482936789605e-7,-4.754705348508691e-15
1.5654857245735996e-7,-7.38571433266947e-15
1.612923155468239e-7,2.2116974737356593e-14
1.660360586362878e-7,-2.1483152243422365e-16
1.7077980172575172e-7,2.589721712206851e-14
1.7552354481521565e-7,6.272902965566878e-15
1.8026728790467957e-7,2.349588077218318e-14
1.8501103099414348e-7,2.372619407950327e-14
1.8975477408360741e-7,-2.1848769772402067e-15
1.9449851717307135e-7,-9.607338500797976e-15
1.9924226026253526e-7,5.185467396364659e-15
2.0398600335199917e-7,8.783365437269497e-15
2.087297464414631e-7,-3.1053221976501705e-15
2.1347348953092705e-7,7.481892377896014e-16
2.1821723262039096e-7,-3.1630572467119353e-15
2.2296097570985487e-7,1.5302910985708158e-14
2.277047187993188e-7,-5.971943181998433e-15
2.3244846188878275e-7,-1.8262594040685286e-14
2.3719220497824666e-7,1.7128139690668306e-15
2.4193594806771057e-7,1.76146202854656e-14
2.466796911571745e-7,2.328788680647303e-15
2.5142343424663844e-7,-5.30825823311455e-15
2.561671773361024e-7,-8.525301906756495e-15
2.609109204255663e-7,7.992704645988588e-15
2.656546635150302e-7,1.9031172340715717e-14
2.703984066044941e-7,-2.547397148145928e-14
2.7514214969395803e-7,1.3178925454329489e-15
2.7988589278342197e-7,-1.3875167113143e-14
2.846296358728859e-7,1.094949421813875e-14
2.8937337896234984e-7,-6.3213786410316514e-15
2.941171220518138e-7,-1.361666976135434e-14
2.988608651412777e-7,-1.3008137306768575e-15
3.036046082307416e-7,-2.6720041159578247e-15
3.083483513202055e-7,1.99436836836291e-14
3.130920944096694e-7,-9.443472889802852e-15
3.1783583749913336e-7,-1.9264996711331123e-14
3.225795805885973e-7,1.1741019115950509e-14
3.2732332367806124e-7,8.696059873068064e-16
3.320670667675251e-7,-2.1507603169768175e-14
3.36810809856989e-7,-1.2410277789853736e-14
3.4155455294645294e-7,1.297228158776771e-14
3.462982960359169e-7,-1.7112648067210165e-14
3.510420391253808e-7,-1.6932278765569267e-14
3.5578578221484476e-7,1.9419424006087864e-14
3.6052952530430864e-7,2.8052082642217288e-15
3.652732683937725e-7,-3.031774154257446e-15
3.7001701148323646e-7,-7.55568054781032e-15
3.747607545727004e-7,7.891997895647735e-15
3.7950449766216434e-7,-1.5656243804357258e-14
3.842482407516283e-7,-2.4169165204833188e-14
3.889919838410922e-7,1.09189443851186e-15
3.9373572693055615e-7,8.539658690764273e-15
3.9847947002002004e-7,5.782679840099458e-16
4.032232131094839e-7,4.296932676916184e-15
4.0796695619894786e-7,1.7472029123514058e-14
4.127106992884118e-7,2.0004506011330103e-14
4.1745444237787573e-7,1.8332737076476766e-14
4.2219818546733967e-7,-1.026867425531427e-14
4.269419285568036e-7,4.2570238796514694e-15
4.3168567164626755e-7,1.9150792328724647e-15
4.3642941473573143e-7,2.4275773018292825e-14
4.411731578251953e-7,2.1787001791579747e-14
4.4591690091465925e-7,-5.953365198382019e-15
4.506606440041232e-7,1.122078119257269e-14
4.5540438709358713e-7,2.9205758472434505e-14
4.6014813018305107e-7,3.576518798224616e-14
4.64891873272515e-7,-3.2707960944759524e-14
4.6963561636197894e-7,-2.0868836319198405e-14
4.7437935945144283e-7,-1.592737250544924e-14
4.791231025409067e-7,-1.174207335422149e-14
4.838668456303706e-7,2.4202484452427858e-14
4.886105887198346e-7,-3.380548659475639e-14
4.933543318092985e-7,-2.567135985078043e-15
4.980980748987625e-7,-1.1670130392406175e-14
5.028418179882264e-7,1.7576413620234148e-14
5.075855610776903e-7,1.5293829972876862e-14
5.123293041671543e-7,4.76134886070474e-15
5.170730472566182e-7,1.861521550436982e-15
5.218167903460822e-7,3.444498677366757e-14
5.265605334355461e-7,-2.3478282547868747e-15
5.313042765250099e-7,1.0471511266294156e-14
5.360480196144738e-7,6.839780063404267e-15
5.407917627039377e-7,1.738685559781097e-14
5.455355057934016e-7,5.952471807130731e-15
5.502792488828656e-7,1.3700811584811474e-14
5.550229919723295e-7,-2.0977551310000448e-14
5.597667350617934e-7,8.990947640154701e-15
5.645104781512574e-7,-1.741406712453337e-14
5.692542212407213e-7,1.646592194839347e-14
5.739979643301853e-7,1.3562493033508532e-14
5.787417074196492e-7,-1.4365017030763717e-14
5.834854505091131e-7,-1.932509646468041e-15
5.882291935985771e-7,-7.175250893165584e-15
5.92972936688041e-7,-1.414992050482727e-14
5.977166797775049e-7,1.6725975785221307e-14
6.024604228669689e-7,-3.957804087004602e-14
6.072041659564327e-7,-2.3023733383494615e-14
6.119479090458965e-7,5.216492898338998e-14
6.166916521353605e-7,6.95177951828697e-14
6.214353952248244e-7,-2.2438980185199926e-14
6.261791383142884e-7,-3.0499883527484035e-14
6.309228814037523e-7,-1.0930285880237592e-14
6.356666244932162e-7,-2.6131656459738688e-14
6.404103675826802e-7,9.067414234010272e-16
6.451541106721441e-7,2.4173890111803807e-14
6.49897853761608e-7,-1.8795798817831802e-14
6.54641596851072e-7,1.7073241850441395e-14
6.593853399405359e-7,1.519021048799344e-14
6.641290830299998e-7,-1.0096289065794114e-14
6.688728261194636e-7,-1.6157882712608626e-14
6.736165692089275e-7,9.519793205916267e-15
6.783603122983915e-7,-2.9409270302698938e-15
6.831040553878554e-7,1.3961586583432717e-14
6.878477984773193e-7,-2.8290662315006557e-14
6.925915415667833e-7,-3.858118252113434e-14
6.973352846562472e-7,-2.7559921965806855e-14
7.020790277457111e-7,-4.1643324699943294e-14
7.068227708351751e-7,-2.1597913453673387e-14
7.11566513924639e-7,-2.009720045246383e-14
7.16310257014103e-7,-9.977116671598894e-16
7.210540001035668e-7,-5.754135867373057e-15
7.257977431930306e-7,1.3026488617754466e-15
7.305414862824946e-7,-3.1896215449780103e-14
7.352852293719585e-7,-3.552854002423301e-15
7.400289724614224e-7,3.0517962440592663e-15
7.447727155508864e-7,-3.511329347358422e-14
7.495164586403503e-7,-3.67089342625064e-14
7.542602017298142e-7,4.46659709724149e-15
7.590039448192782e-7,-4.1962017037952213e-14
7.637476879087421e-7,-2.819333790806469e-15
7.684914309982061e-7,-2.0687912202433502e-14
7.7323517408767e-7,-3.607048251327127e-15
7.779789171771339e-7,1.964255686737787e-14
7.874664033560618e-7,1.8112274724694775e-14
7.969538895349896e-7,1.9689351299319294e-14
8.016976326244534e-7,-1.9787289152982188e-14
8.064413757139174e-7,-1.7257318774162887e-14
8.111851188033813e-7,-1.1950500057753675e-14
8.159288618928452e-7,-3.0823697343949e-14
8.206726049823092e-7,-5.152218567066624e-15
8.254163480717731e-7,-5.342329757874241e-15
8.30160091161237e-7,4.125673620043806e-14
8.34903834250701e-7,4.932278234098616e-14
8.396475773401649e-7,8.390291373460087e-15
8.443913204296289e-7,5.168577359752839e-14
8.491350635190928e-7,1.7945080987533297e-14
8.538788066085567e-7,-7.828940628161078e-15
8.586225496980207e-7,8.899789548500054e-15
8.633662927874846e-7,4.27165230504856e-14
8.681100358769485e-7,-1.2410829908939122e-14
8.728537789664124e-7,4.01365161179051e-14
8.775975220558762e-7,-2.5849324235152412e-14
8.823412651453401e-7,2.031557940528703e-14
8.870850082348041e-7,2.5864104746740733e-14
8.91828751324268e-7,1.2040448750483297e-14
8.96572494413732e-7,4.562502660965345e-15
9.013162375031959e-7,1.906557520400324e-14
9.060599805926598e-7,3.9904353358985005e-14
9.108037236821238e-7,9.479755950972998e-15
9.155474667715877e-7,-5.058228490417773e-15
9.202912098610516e-7,9.985504891559048e-15
9.250349529505156e-7,3.195138108841375e-14
9.297786960399795e-7,6.773364370188164e-15
9.345224391294435e-7,3.0447489810323794e-14
9.392661822189074e-7,5.889334119340138e-14
9.440099253083713e-7,1.789304754350904e-14
9.487536683978352e-7,3.640829248458297e-14
9.53497411487299e-7,9.79841425043577e-15
9.58241154576763e-7,2.243959507085611e-14
9.629848976662269e-7,-1.259464653005208e-14
9.677286407556908e-7,-6.766594637071986e-15
9.724723838451547e-7,2.2369968260108948e-14
9.772161269346187e-7,5.885117203276282e-14
9.819598700240826e-7,2.3538696140565526e-14
9.867036131135466e-7,3.6207973191561937e-14
9.914473562030105e-7,2.5453118561850537e-14
9.961910992924744e-7,-4.542764609004681e-14
1.0009348423819384e-6,-2.2406481821478163e-14
1.0056785854714023e-6,-1.7567088144076207e-14
1.0104223285608662e-6,-1.1885620926425622e-14
1.0151660716503302e-6,-2.402621515326382e-14
1.0199098147397941e-6,-5.953770358399208e-15
1.024653557829258e-6,2.44646702602191e-14
1.029397300918722e-6,-1.6194626412881586e-14
1.034141044008186e-6,2.637899305734627e-14
1.0388847870976499e-6,1.4472939374906005e-14
1.0436285301871138e-6,8.07215473061861e-15
1.0483722732765777e-6,4.032500204776328e-14
1.0531160163660417e-6,7.456524002732141e-15
1.0578597594555054e-6,8.80703999360581e-15
1.0626035025449693e-6,-3.191741551421362e-15
1.0673472456344333e-6,-1.486667707670255e-14
1.072090988723897e-6,2.1006855204038594e-14
1.076834731813361e-6,3.224557320606928e-14
1.0815784749028249e-6,5.749709643721509e-14
1.0863222179922888e-6,5.225171418180416e-14
1.0910659610817528e-6,2.2065712337755517e-14
1.0958097041712167e-6,-1.3311130928696405e-14
1.1005534472606806e-6,-2.3814831159679217e-15
1.1052971903501446e-6,-1.6289838291752876e-14
1.1100409334396085e-6,-1.2423991217270656e-14
1.1147846765290725e-6,-1.0928779061779e-14
1.1195284196185364e-6,-5.615302227466799e-16
1.1242721627080003e-6,-8.497806407225473e-15
1.1290159057974643e-6,2.4562528259603115e-14
1.1337596488869282e-6,-1.0209080623802633e-14
1.1385033919763921e-6,-3.84436166958198e-14
1.143247135065856e-6,2.6161515466651603e-14
1.14799087815532e-6,-3.813737674083245e-14
1.152734621244784e-6,-2.0498525970372064e-14
1.1574783643342479e-6,9.611121902653945e-15
1.1622221074237118e-6,2.974249795660694e-14
1.1669658505131758e-6,6.034298325802618e-14
1.1717095936026397e-6,1.0635438783956136e-14
1.1764533366921036e-6,-5.078173402061307e-15
1.1811970797815676e-6,7.365676523371347e-14
1.1859408228710315e-6,6.840869547922389e-15
1.1906845659604955e-6,5.2024747102949806e-14
1.1954283090499594e-6,-1.0739755730632375e-14
1.2001720521394233e-6,1.2621174350098399e-14
1.2049157952288873e-6,2.6257699726556044e-14
1.209659538318351e-6,1.2440672994898465e-14
1.214403281407815e-6,2.7404038928849057e-14
1.2191470244972789e-6,2.892255906158376e-14
1.2238907675867426e-6,5.921455590081509e-14
1.2286345106762065e-6,2.2836735673408714e-15
1.2333782537656705e-6,6.646544211771393e-14
1.2381219968551344e-6,4.186184451333515e-14
1.2428657399445983e-6,6.29216375310048e-14
1.2476094830340623e-6,2.0454267277448634e-14
1.2523532261235262e-6,9.228585123880137e-14
1.2570969692129902e-6,1.7128512522970791e-15
1.261840712302454e-6,-7.861598667463415e-15
1.266584455391918e-6,3.923373093923822e-14
1.271328198481382e-6,7.752477953862577e-15
1.276071941570846e-6,4.072670460066508e-14
1.2808156846603098e-6,-9.262461634502261e-15
1.2855594277497738e-6,3.8316423542246245e-14
1.2903031708392377e-6,1.9305617037387115e-14
1.2950469139287017e-6,4.2682319616753935e-14
1.2997906570181656e-6,-8.596751505131408e-15
1.3045344001076295e-6,1.649895735719122e-14
1.3092781431970935e-6,-3.058189632586506e-14
1.3140218862865574e-6,4.624980683047525e-14
1.3187656293760213e-6,-1.5919440348593295e-14
1.323509372465485e-6,1.562107318497905e-14
1.328253115554949e-6,2.115492918583671e-14
1.332996858644413e-6,5.667366212337076e-14
1.3377406017338767e-6,5.407900407723209e-14
1.3424843448233406e-6,2.3721688441189777e-14
1.3472280879128045e-6,1.0319727401285854e-13
1.3519718310022685e-6,1.4507475663719596e-14
1.3567155740917324e-6,-4.793485519203401e-14
1.3614593171811964e-6,6.874520045039553e-14
1.3662030602706603e-6,-3.563441569703903e-14
1.3709468033601242e-6,3.2981313679834325e-14
1.3756905464495882e-6,-1.722839382009486e-14
1.3804342895390521e-6,7.698469493000321e-14
1.385178032628516e-6,8.972374458979105e-15
1.38992177571798e-6,5.5756486578135744e-14
1.394665518807444e-6,1.76213843934414e-14
1.3994092618969079e-6,5.255046921400604e-14
1.4041530049863718e-6,1.1496411339300598e-14
1.4088967480758357e-6,7.414053512726358e-14
1.4136404911652997e-6,3.669887178565782e-14
1.4183842342547636e-6,7.850809510913442e-14
1.4231279773442276e-6,6.776618163742703e-16
1.4278717204336915e-6,8.599934832078346e-14
1.4326154635231554e-6,1.7862698483116164e-14
1.4373592066126192e-6,3.468010507135496e-14
1.442102949702083e-6,2.5610288189031056e-14
1.446846692791547e-6,2.5758748114485036e-14
1.4515904358810108e-6,4.225663583701436e-14
1.4563341789704747e-6,5.3479120694795576e-14
1.4610779220599386e-6,-1.2990294215781816e-14
1.4658216651494026e-6,2.451555158231306e-15
1.4705654082388665e-6,-2.1663098127400222e-14
1.4753091513283304e-6,3.3003449062220567e-14
1.4800528944177944e-6,-1.5401813530851676e-15
1.4847966375072583e-6,2.165920915256924e-14
1.4895403805967223e-6,1.5251523728440125e-14
1.4942841236861862e-6,4.7327808176811423e-14
1.4990278667756501e-6,-5.166129476413686e-16
1.503771609865114e-6,3.740588060770864e-15
1.508515352954578e-6,2.2833479278343115e-14
1.513259096044042e-6,9.545690011180635e-14
1.5180028391335059e-6,1.6491502918983845e-14
1.5227465822229698e-6,1.0431713522649423e-13
1.5274903253124338e-6,-8.474614860237802e-15
1.5322340684018977e-6,6.619203007141989e-14
1.5369778114913616e-6,-1.8650127780593e-15
1.5417215545808256e-6,4.772729159782105e-14
1.5464652976702895e-6,-3.710206668794464e-15
1.5512090407597534e-6,4.631765084977578e-14
1.5559527838492174e-6,-3.644131480979251e-15
1.5606965269386813e-6,6.095447627954562e-14
1.5654402700281453e-6,-1.8850827346516593e-14
1.5701840131176092e-6,5.1237049278721066e-14
1.5749277562070731e-6,4.722139527023091e-15
1.579671499296537e-6,4.4113732298512386e-14
1.584415242386001e-6,-2.07343009154178e-15
1.5891589854754647e-6,-1.6329408451159991e-15
1.5939027285649287e-6,-2.898286403664015e-14
1.5986464716543926e-6,2.7269274337319105e-14
1.6033902147438563e-6,-1.7259766319632582e-14
1.6081339578333203e-6,-1.4911420090330887e-14
1.6128777009227842e-6,3.742718890471159e-15
1.6176214440122481e-6,9.610335336864952e-15
1.622365187101712e-6,-1.5370956739981695e-14
1.627108930191176e-6,4.786277587148131e-14
1.63185267328064e-6,-3.0690331118202334e-14
1.636596416370104e-6,3.5617978250731394e-14
1.6413401594595678e-6,1.0290605420972324e-14
1.6460839025490318e-6,1.230275776498439e-14
1.6508276456384957e-6,-5.800512020980524e-15
1.6555713887279596e-6,1.6190685306472722e-14
1.6603151318174236e-6,5.969780882659852e-15
1.6650588749068875e-6,2.5118732318686053e-14
1.6698026179963515e-6,-7.576224291549991e-15
1.6745463610858154e-6,8.450134318535524e-14
1.6792901041752793e-6,-4.145784960636786e-15
1.6840338472647433e-6,4.634963132936478e-14
1.6887775903542072e-6,4.027578372109429e-14
1.6935213334436712e-6,-2.319477863190202e-14
1.698265076533135e-6,4.3898940355936895e-14
1.703008819622599e-6,-2.2015204532924043e-14
1.707752562712063e-6,1.1399557135508377e-14
1.712496305801527e-6,-5.468201636008507e-14
1.7172400488909908e-6,3.251357525466623e-14
1.7219837919804548e-6,-8.852492930750185e-15
1.7267275350699187e-6,2.3282416536298513e-14
1.7314712781593827e-6,-4.18347078625606e-14
1.7362150212488466e-6,3.0998938427187626e-14
1.7409587643383103e-6,-2.6557783920938348e-14
1.7457025074277743e-6,1.903254152801446e-14
1.7504462505172382e-6,-4.41938147398547e-14
1.755189993606702e-6,-1.1827288797646635e-14
1.7599337366961659e-6,6.976789720287024e-14
1.7646774797856298e-6,-1.376194202345825e-14
1.7694212228750937e-6,4.8597748480170316e-14
1.7741649659645577e-6,1.2064257671382945e-14
1.7789087090540216e-6,6.670806789213353e-14
1.7836524521434855e-6,1.241973391839484e-14
1.7883961952329495e-6,-3.9341132680934955e-14
1.7931399383224134e-6,-2.841837947588567e-14
1.7978836814118774e-6,-3.1464559410705845e-14
1.8026274245013413e-6,3.138499133617137e-14
1.8073711675908052e-6,-3.8944386810416335e-14
1.8121149106802692e-6,4.8409600187401855e-14
1.8168586537697331e-6,-1.724701547998556e-14
1.821602396859197e-6,2.559773712110596e-14
1.826346139948661e-6,1.5359340895132134e-14
1.831089883038125e-6,6.359260156159849e-14
1.8358336261275889e-6,4.1094246071804064e-15
1.8405773692170528e-6,1.647349603167233e-14
1.8453211123065167e-6,5.237589459314219e-15
1.8500648553959807e-6,2.8444759827128003e-14
1.8548085984854446e-6,-1.4397315040197822e-14
1.8595523415749085e-6,3.162286166112055e-14
1.8642960846643725e-6,-4.171744251480074e-15
1.8690398277538364e-6,5.989777419576458e-14
1.8737835708433004e-6,1.2721845206996773e-15
1.8785273139327643e-6,3.983923701612282e-14
1.8832710570222282e-6,1.0970334506679179e-14
1.8880148001116922e-6,6.418855658611407e-14
1.892758543201156e-6,2.0131316072289886e-14
1.8975022862906198e-6,4.802510409447797e-14
1.9022460293800838e-6,-3.746654189476601e-14
1.9069897724695475e-6,2.8966995574726234e-14
1.9117335155590116e-6,-2.6662102346471582e-15
1.9164772586484754e-6,4.049177603955497e-14
1.921221001737939e-6,3.314484571170744e-14
1.9259647448274032e-6,3.219713791583564e-15
1.9307084879168674e-6,-9.003250591133261e-16
1.935452231006331e-6,6.991312463327823e-14
1.940195974095795e-6,2.7173555881047588e-14
1.944939717185259e-6,5.882576626152948e-14
1.949683460274723e-6,3.021349429843641e-14
1.954427203364187e-6,4.797232566786416e-14
1.9591709464536506e-6,-5.524943015966194e-15
1.9639146895431148e-6,7.900014275609952e-14
1.968658432632579e-6,4.760402321552262e-14
1.9734021757220426e-6,3.151176375742243e-14
1.9781459188115064e-6,-3.2763222654104465e-14
1.9828896619009705e-6,5.700425025501336e-14
1.9876334049904347e-6,1.3447477080584043e-14
1.9923771480798984e-6,6.739775577490954e-14
1.997120891169362e-6,1.4962012208519528e-14
2.0018646342588263e-6,4.6206819826559487e-14
2.0066083773482904e-6,5.1174228017610197e-14
2.011352120437754e-6,6.054959457853172e-14
2.016095863527218e-6,-2.317037863472557e-14
2.020839606616682e-6,-2.0117060733996374e-14
2.025583349706146e-6,6.992365587831676e-14
2.03032709279561e-6,2.922301948869717e-15
2.0350708358850736e-6,1.7969879303530513e-14
2.0398145789745378e-6,-5.095848731842959e-14
2.044558322064002e-6,8.708547341401089e-14
2.0493020651534656e-6,1.4756134579249563e-14
2.0540458082429294e-6,3.0140526506907337e-14
2.0587895513323935e-6,2.2182923053531045e-14
2.0635332944218577e-6,5.110416748760413e-14
2.0682770375113214e-6,4.951939868185037e-14
2.073020780600785e-6,2.5513447857841905e-14
2.0777645236902493e-6,2.5608229264672904e-14
2.0825082667797134e-6,7.707759083148313e-14
2.087252009869177e-6,1.2438205971468875e-14
2.091995752958641e-6,4.1467711109283174e-14
2.096739496048105e-6,-2.1126139679614337e-14
2.101483239137569e-6,-3.568866551238377e-14
2.106226982227033e-6,3.961645294028534e-14
2.1109707253164966e-6,6.555121187174984e-14
2.1157144684059603e-6,-2.4814560300268235e-14
2.120458211495424e-6,4.85588102067057e-14
2.125201954584888e-6,-2.973640525574147e-14
2.1299456976743524e-6,6.254935824632105e-14
2.134689440763816e-6,-3.590097200141053e-14
2.13943318385328e-6,2.664129083406267e-15
2.1441769269427435e-6,4.567613160174206e-14
2.1489206700322073e-6,-5.5511117741320596e-14
2.1536644131216714e-6,5.3094633874944345e-14
2.1584081562111356e-6,2.1487579351956432e-14
2.1631518993005993e-6,1.235095505575586e-13
2.167895642390063e-6,-5.706970981072322e-14
2.172639385479527e-6,2.2382740024629402e-14
2.1773831285689913e-6,4.135478558858178e-15
2.182126871658455e-6,7.468330647282064e-14
2.1868706147479188e-6,9.456381193090907e-15
2.191614357837383e-6,1.0904368312742323e-13
2.196358100926847e-6,5.939711583502308e-14
2.2011018440163108e-6,7.375291488048326e-14
2.2058455871057745e-6,2.9869862866170154e-14
2.2105893301952387e-6,-2.617515552220158e-14
2.215333073284703e-6,1.0602562344122128e-13
2.2200768163741665e-6,-6.062730781533178e-15
2.2248205594636303e-6,1.9377363328080012e-14
2.2295643025530944e-6,2.5185795087371568e-14
2.2343080456425586e-6,1.120393720241139e-14
2.2390517887320223e-6,1.6204190377848902e-14
2.243795531821486e-6,3.798589421180195e-14
2.24853927491095e-6,-3.5832728573314046e-14
2.2532830180004143e-6,5.5992190811336543e-14
2.258026761089878e-6,2.5855612589191404e-14
2.2627705041793418e-6,2.133538020095453e-14
2.267514247268806e-6,-9.306804067350186e-15
2.27225799035827e-6,7.047005874636068e-14
2.277001733447734e-6,-2.3726952249934106e-14
2.2817454765371975e-6,3.4017616731769707e-14
2.2864892196266617e-6,4.095741025667282e-14
2.291232962716126e-6,7.530951521378013e-14
2.2959767058055895e-6,-3.860860676742926e-14
2.3007204488950533e-6,1.6878118605926962e-14
2.3054641919845174e-6,3.5808597931917884e-14
2.3102079350739816e-6,1.3841691134082722e-14
2.3149516781634453e-6,1.583998447895688e-14
2.319695421252909e-6,8.981496392537873e-14
2.324439164342373e-6,6.75848803243622e-14
2.3291829074318373e-6,-3.2941649491478825e-14
2.333926650521301e-6,5.727745670077647e-14
2.3386703936107648e-6,5.5829703935834335e-14
2.343414136700229e-6,1.6473222483350303e-15
2.348157879789693e-6,2.305071108473991e-14
2.352901622879157e-6,3.127257878362168e-14
2.3576453659686205e-6,5.226890276194493e-14
2.3623891090580847e-6,3.720129864973528e-14
2.367132852147549e-6,5.4305879468140374e-14
2.3718765952370125e-6,-6.9573039479952e-14
2.3766203383264763e-6,7.247690495539786e-14
2.3813640814159404e-6,2.1099520722647352e-14
2.3861078245054046e-6,3.2847311090905685e-14
2.3908515675948683e-6,-6.814561146177539e-14
2.395595310684332e-6,5.277661852870367e-14
2.400339053773796e-6,3.0846678917653247e-14
2.4050827968632603e-6,-4.607777425710493e-15
2.409826539952724e-6,-4.675871958520094e-14
2.4145702830421878e-6,1.1861415379616042e-13
2.4193140261316515e-6,1.515994832645865e-14
2.4240577692211152e-6,-3.5773768784235194e-14
2.4288015123105794e-6,1.0774163539594465e-13
2.4335452554000435e-6,3.24696451007788e-14
2.4382889984895072e-6,-1.2777941235112068e-14
2.443032741578971e-6,-5.3436843356656427e-14
2.4477764846684347e-6,1.15479753831453e-13
2.4525202277578984e-6,1.731052408645343e-14
2.4572639708473626e-6,3.18751820873782e-14
2.4620077139368267e-6,-7.936109611297401e-14
2.4667514570262904e-6,1.1979252175402322e-13
2.471495200115754e-6,1.8371981800344077e-14
2.4762389432052183e-6,-3.5737641428073063e-14
2.4809826862946825e-6,-7.97966094530532e-14
2.485726429384146e-6,6.68900395460325e-14
2.49047017247361e-6,-3.177180613369555e-14
2.495213915563074e-6,-1.1059542327544925e-14
2.4999576586525382e-6,-5.478978883011705e-14
2.504701401742002e-6,1.1994695008445132e-13
2.5094451448314657e-6,9.962083742439891e-15
2.51418888792093e-6,-1.9315406999735274e-14
2.518932631010394e-6,-3.203296298255413e-14
2.5236763740998577e-6,1.204497920560655e-13
2.5284201171893214e-6,4.874127990330371e-14
2.5331638602787856e-6,-3.6118681871337454e-14
2.5379076033682497e-6,2.6026263921064395e-14
2.5426513464577134e-6,-1.2314687917498414e-13
2.547395089547177e-6,-7.661613364775463e-15
2.5521388326366413e-6,5.627550094722151e-14
2.5568825757261055e-6,-1.0609255102078612e-14
2.561626318815569e-6,-6.926061644704897e-14
2.566370061905033e-6,3.689669978802542e-14
2.571113804994497e-6,2.8973999939696634e-14
2.5758575480839612e-6,2.1026284872764205e-14
2.580601291173425e-6,-4.8538778667956706e-14
2.5853450342628887e-6,7.231495153959176e-14
2.590088777352353e-6,2.926556142398248e-14
2.594832520441817e-6,2.415201534512434e-14
2.5995762635312807e-6,-4.414324224075921e-14
2.6043200066207444e-6,3.848123246099496e-14
2.6090637497102086e-6,8.052904192906022e-14
2.6138074927996727e-6,2.3970992748916484e-14
2.6185512358891365e-6,-4.586050043826647e-14
2.6232949789786e-6,5.0876139748164986e-14
2.6280387220680643e-6,7.127810779132883e-14
2.6327824651575285e-6,8.765287522706165e-15
2.637526208246992e-6,-5.72909446700114e-14
2.642269951336456e-6,7.128306850724484e-14
2.6470136944259197e-6,4.2508453458368633e-14
2.6517574375153834e-6,-2.4637214106762194e-14
2.6565011806048475e-6,-9.99703904453606e-14
2.6612449236943117e-6,1.0448401735949877e-13
2.6659886667837754e-6,3.385431933199222e-14
2.670732409873239e-6,-3.073772625807581e-14
2.675476152962703e-6,1.3754948355607548e-13
2.6802198960521666e-6,2.098508224652202e-14
2.6849636391416307e-6,2.760432774724064e-14
2.689707382231095e-6,-5.520574752835741e-14
2.6944511253205586e-6,1.1453683994605807e-13
2.6991948684100223e-6,8.158801349988884e-14
2.7039386114994865e-6,6.613982902513844e-15
2.7086823545889506e-6,-2.657639422432147e-14
2.7134260976784144e-6,8.12221964255297e-14
2.718169840767878e-6,2.261094691576726e-14
2.7229135838573422e-6,1.6134945798842658e-14
2.7276573269468064e-6,2.005620973172908e-14
2.73240107003627e-6,1.4986086243239447e-13
2.737144813125734e-6,1.1280525893006141e-13
2.741888556215198e-6,6.086598606688016e-14
2.746632299304662e-6,4.0650884975081216e-14
2.751376042394126e-6,1.8269873556211614e-14
2.7561197854835896e-6,9.614325175627807e-14
2.7608635285730537e-6,7.748482828344052e-14
2.765607271662518e-6,4.585979116505676e-14
2.7703510147519816e-6,-2.1162968780064977e-14
2.7750947578414453e-6,3.470599300947087e-14
2.7798385009309095e-6,7.117746531245064e-14
2.7845822440203736e-6,6.000737234754883e-15
2.7893259871098374e-6,2.0849786933143402e-14
2.794069730199301e-6,1.0350132496262746e-13
2.7988134732887652e-6,1.0242564443796239e-13
2.8035572163782294e-6,-1.1418890646977315e-14
2.808300959467693e-6,4.3671930859925785e-14
2.813044702557157e-6,8.219013731656107e-14
2.817788445646621e-6,8.480341956179304e-14
2.822532188736085e-6,-2.2082766183514052e-15
2.827275931825549e-6,-4.135056432995799e-14
2.8320196749150126e-6,6.240089009233341e-14
2.8367634180044767e-6,6.306353956008381e-14
2.841507161093941e-6,6.994191326915462e-15
2.8462509041834046e-6,9.8445416694111e-16
2.8509946472728683e-6,1.248935850525465e-13
2.8557383903623325e-6,1.2970939703775159e-13
2.8604821334517966e-6,3.776476242727257e-14
2.8652258765412604e-6,5.284306899397671e-15
2.869969619630724e-6,1.4174004539073149e-13
2.874713362720188e-6,6.091889202360147e-14
2.8794571058096515e-6,1.598180875469751e-14
2.8842008488991157e-6,-5.3222068646454604e-14
2.88894459198858e-6,1.2145529566829692e-13
2.8936883350780436e-6,6.174595472045852e-14
2.8984320781675073e-6,-8.558571402159525e-17
2.903175821256971e-6,1.510707938780064e-13
2.9079195643464347e-6,1.0934232653023913e-13
2.912663307435899e-6,7.915180591483352e-16
2.917407050525363e-6,-5.588673187251873e-14
2.9221507936148268e-6,1.1335909825960035e-13
2.9268945367042905e-6,9.618875786832921e-14
2.9316382797937546e-6,6.663112900389107e-14
2.936382022883219e-6,3.031975726579123e-14
2.9411257659726825e-6,-5.152662978460069e-14
2.9458695090621462e-6,8.766868683671173e-14
2.9506132521516104e-6,5.636321372303004e-14
2.9553569952410745e-6,-1.3169107904859383e-14
2.9601007383305383e-6,1.4718020860643558e-14
2.964844481420002e-6,1.0302699991375015e-13
2.969588224509466e-6,5.571499322077955e-14
2.9743319675989303e-6,7.83894946229201e-14
2.979075710688394e-6,-7.575773486936522e-14
2.9838194537778577e-6,9.750657224760743e-14
2.988563196867322e-6,7.263911799016883e-14
2.993306939956786e-6,3.489690912225526e-14
2.9980506830462498e-6,-1.970643035528874e-14
3.0170256554041055e-6,-1.9587226654392688e-14
3.0360006277619613e-6,-1.8717557910773813e-14
3.040744370851425e-6,1.5497498303266903e-13
3.045488113940889e-6,1.7353911692030683e-13
3.0502318570303533e-6,1.367511469834574e-13
3.054975600119817e-6,3.020013298614048e-14
3.0597193432092807e-6,2.1078383220208037e-13
3.064463086298745e-6,1.5293994482964654e-13
3.069206829388209e-6,1.0282851442699612e-13
3.0739505724776728e-6,7.145667125930637e-14
3.0786943155671365e-6,1.9026563958063426e-13
3.0834380586566006e-6,1.5465399488869652e-13
3.088181801746065e-6,1.0233654586245537e-13
3.0929255448355285e-6,2.5950797013967774e-14
3.0976692879249922e-6,2.2851457757214e-13
3.1024130310144564e-6,2.0444108663852543e-13
3.1071567741039205e-6,1.7202277039717097e-13
3.1119005171933843e-6,4.810373800292969e-14
3.116644260282848e-6,5.34726868551646e-14
3.121388003372312e-6,2.282685658396128e-13
3.1261317464617763e-6,2.096164311966716e-13
3.13087548955124e-6,1.1855499744876877e-13
3.1356192326407038e-6,3.681516612492627e-14
3.140362975730168e-6,2.2865692695177577e-13
3.145106718819632e-6,1.7676844188556915e-13
3.1498504619090958e-6,1.2933161420536595e-13
3.1545942049985595e-6,6.857860476011677e-14
3.1593379480880237e-6,2.436998034712488e-13
3.164081691177488e-6,2.664134124149421e-13
3.1688254342669515e-6,2.0763456504170944e-13
3.1735691773564153e-6,1.1159576979903405e-13
3.178312920445879e-6,2.846574744998036e-13
3.1830566635353427e-6,2.1418575637980164e-13
3.187800406624807e-6,1.8834261154292427e-13
3.192544149714271e-6,1.7324081882346513e-13
3.1972878928037347e-6,3.221069712799162e-13
3.2020316358931985e-6,2.5855987400716924e-13
3.206775378982662e-6,2.7801183671898054e-13
3.211519122072126e-6,3.534276869789146e-13
3.21626286516159e-6,3.076947383288916e-13
3.221006608251054e-6,2.8725896140123413e-13
3.225750351340518e-6,2.63425403574905e-13
3.2304940944299817e-6,3.754662382791485e-13
3.235237837519446e-6,4.374014716822662e-13
3.23998158060891e-6,3.448159312117228e-13
3.2447253236983737e-6,3.1354183333273647e-13
3.2494690667878374e-6,5.135015810553591e-13
3.2542128098773016e-6,4.911926692574489e-13
3.2589565529667657e-6,4.40491325321591e-13
3.2637002960562294e-6,4.5130750157604457e-13
3.2731877822351573e-6,4.565785125110678e-13
3.282675268414085e-6,4.5140081246934715e-13
3.287419011503549e-6,6.677539597379731e-13
3.292162754593013e-6,5.589126052026697e-13
3.296906497682477e-6,6.122053848699364e-13
3.301650240771941e-6,5.387311919037716e-13
3.3063939838614047e-6,7.025904915816548e-13
3.311137726950869e-6,7.406937912286305e-13
3.315881470040333e-6,6.470261423316584e-13
3.3206252131297967e-6,6.604790381130234e-13
3.3253689562192604e-6,6.723991606580319e-13
3.3301126993087246e-6,7.846882272028396e-13
3.3348564423981887e-6,7.988027476225334e-13
3.3396001854876524e-6,7.88953855298071e-13
3.344343928577116e-6,7.682414102595912e-13
3.3490876716665803e-6,9.553734131068135e-13
3.3538314147560445e-6,9.71424507644487e-13
3.358575157845508e-6,8.85005637158754e-13
3.363318900934972e-6,9.044312446712301e-13
3.368062644024436e-6,1.0593654375968819e-12
3.3728063871139e-6,1.1452153851748292e-12
3.377550130203364e-6,1.0810258564190693e-12
3.3822938732928277e-6,1.064978274376128e-12
3.387037616382292e-6,1.2334965574069021e-12
3.391781359471756e-6,1.250838136468849e-12
3.3965251025612197e-6,1.2879849861897386e-12
3.4155000749190754e-6,1.4932563903399647e-12
3.420243818008539e-6,1.5153607190067543e-12
3.4249875610980033e-6,1.4904190398006788e-12
3.4297313041874675e-6,1.7306091363370464e-12
3.434475047276931e-6,1.7309894987638214e-12
3.439218790366395e-6,1.718405922277728e-12
3.443962533455859e-6,1.817390289729624e-12
3.4487062765453232e-6,2.0058764058472924e-12
3.453450019634787e-6,2.0397800267999188e-12
3.4581937627242507e-6,1.973282945615103e-12
3.462937505813715e-6,2.0752638381468984e-12
3.467681248903179e-6,2.3063189183408047e-12
3.4724249919926427e-6,2.3228520587040596e-12
3.4771687350821064e-6,2.285738227732304e-12
3.48191247817157e-6,2.5153095155937575e-12
3.486656221261034e-6,2.5624054579084626e-12
3.491399964350498e-6,2.5957664733078073e-12
3.496143707439962e-6,2.780236051693199e-12
3.500887450529426e-6,2.75580341912809e-12
3.5056311936188896e-6,2.9698352754291935e-12
3.5103749367083533e-6,2.9948824144236744e-12
3.515118679797817e-6,3.081125182547333e-12
3.5198624228872812e-6,3.3752863503762983e-12
3.5246061659767454e-6,3.435500346977783e-12
3.529349909066209e-6,3.517314165191591e-12
3.534093652155673e-6,3.5794191644963096e-12
3.538837395245137e-6,3.885162074810942e-12
3.543581138334601e-6,3.985128502839711e-12
3.548324881424065e-6,4.011091520154342e-12
3.5530686245135286e-6,4.186518068571838e-12
3.5578123676029927e-6,4.5305294679883435e-12
3.562556110692457e-6,4.5836831527999235e-12
3.5672998537819206e-6,4.689048127413446e-12
3.5720435968713843e-6,4.801929032355495e-12
3.5767873399608485e-6,5.217057130066502e-12
3.5815310830503126e-6,5.283506346758515e-12
3.5862748261397763e-6,5.385794656731238e-12
3.59101856922924e-6,5.584610949484189e-12
3.5957623123187042e-6,5.777917275025739e-12
3.6005060554081684e-6,6.121853199471448e-12
3.605249798497632e-6,6.32412891131632e-12
3.609993541587096e-6,6.44130082952556e-12
3.61473728467656e-6,6.689840539885479e-12
3.619481027766024e-6,7.0414683276920255e-12
3.624224770855488e-6,7.260086301088813e-12
3.6289685139449516e-6,7.492188388453715e-12
3.6337122570344157e-6,7.699286285192447e-12
3.63845600012388e-6,8.147034699094066e-12
3.6431997432133436e-6,8.393943615404033e-12
3.6479434863028073e-6,8.586493349625797e-12
3.6526872293922715e-6,8.889040661776208e-12
3.6574309724817356e-6,9.37856030800567e-12
3.6621747155711993e-6,9.576376203671995e-12
3.666918458660663e-6,9.893594578834272e-12
3.6716622017501272e-6,1.0157607342887617e-11
3.6764059448395914e-6,1.0523616506866005e-11
3.681149687929055e-6,1.1012322400552149e-11
3.685893431018519e-6,1.1313081747565486e-11
3.690637174107983e-6,1.1766769763136445e-11
3.700124660286911e-6,1.2662021206984101e-11
3.7190996326447666e-6,1.4510478835907686e-11
3.7238433757342303e-6,1.4912153616265937e-11
3.7285871188236945e-6,1.5567626885176178e-11
3.7380746050026224e-6,1.6632150986882572e-11
3.742818348092086e-6,1.7219219913747372e-11
3.7475620911815502e-6,1.7747780411200916e-11
3.757049577360478e-6,1.906497322494013e-11
3.761793320449942e-6,1.9680857591663413e-11
3.766537063539406e-6,2.032438233104389e-11
3.77128080662887e-6,2.1049739299426495e-11
3.776024549718334e-6,2.1828530196606836e-11
3.794999522076189e-6,2.491237987113499e-11
3.7997432651656533e-6,2.5732333569967215e-11
3.804487008255117e-6,2.657231849043895e-11
3.8139744944340445e-6,2.8474098619176593e-11
3.818718237523508e-6,2.9360964042998654e-11
3.823461980612972e-6,3.046852198463615e-11
3.8329494667919e-6,3.248035136138688e-11
3.837693209881364e-6,3.350949045389635e-11
3.8424369529708286e-6,3.4690894536128336e-11
3.851924439149756e-6,3.7148212593009747e-11
3.870899411507612e-6,4.234297276694817e-11
3.8756431545970755e-6,4.371000316107393e-11
3.88038689768654e-6,4.504762372313946e-11
3.8898743838654675e-6,4.8247098479877194e-11
3.894618126954931e-6,4.969681726639335e-11
3.899361870044395e-6,5.126287108839346e-11
3.908849356223323e-6,5.484543314408596e-11
3.913593099312787e-6,5.656696089530402e-11
3.9183368424022516e-6,5.847836083429496e-11
3.927824328581179e-6,6.242165552129634e-11
3.946799300939035e-6,7.090292721817007e-11
3.9515430440284985e-6,7.315606030100187e-11
3.956286787117963e-6,7.548438364206479e-11
3.9657742732968905e-6,8.05467969201706e-11
3.970518016386354e-6,8.303264543948066e-11
3.975261759475818e-6,8.562606644764895e-11
3.984749245654745e-6,9.130463994173671e-11
3.989492988744209e-6,9.41421903066687e-11
3.994236731833673e-6,9.722664291956965e-11
4.003724218012601e-6,1.0347027224470472e-10
4.022699190370457e-6,1.1726122406048257e-10
4.027442933459921e-6,1.2093341364268603e-10
4.032186676549384e-6,1.2482255245507583e-10
4.041674162728313e-6,1.3279407125878637e-10
4.060649135086168e-6,1.5030010425648342e-10
4.065392878175632e-6,1.548443997211697e-10
4.070136621265096e-6,1.5974619515978942e-10
4.079624107444024e-6,1.69837908017018e-10
4.09859907980188e-6,1.9186659000259746e-10
4.103342822891344e-6,1.9773553502266717e-10
4.108086565980807e-6,2.0382336377015412e-10
4.117574052159736e-6,2.1662400062812302e-10
4.136549024517591e-6,2.4439428046367393e-10
4.141292767607055e-6,2.518016410586019e-10
4.146036510696519e-6,2.5935021862759744e-10
4.155523996875447e-6,2.755426481187886e-10
4.174498969233303e-6,3.1041963050163474e-10
4.179242712322767e-6,3.1967535062565935e-10
4.18398645541223e-6,3.2917376611236393e-10
4.193473941591159e-6,3.49460805312901e-10
4.212448913949014e-6,3.931228713939848e-10
4.217192657038478e-6,4.048173455513994e-10
4.221936400127942e-6,4.16692601912561e-10
4.23142388630687e-6,4.420880625530723e-10
4.250398858664726e-6,4.965123003689779e-10
4.25514260175419e-6,5.111697349694107e-10
4.259886344843653e-6,5.261516527930373e-10
4.269373831022582e-6,5.57549968346513e-10
4.2883488033804374e-6,6.25602349632503e-10
4.293092546469901e-6,6.439298959276248e-10
4.297836289559365e-6,6.625709059036091e-10
4.307323775738293e-6,7.015860981185349e-10
4.326298748096149e-6,7.862539584204549e-10
4.331042491185613e-6,8.089514455062368e-10
4.335786234275076e-6,8.322160707806267e-10
4.345273720454005e-6,8.806030954602987e-10
4.3642486928118604e-6,9.856435299672258e-10
4.368992435901324e-6,1.0136729402957664e-9
4.373736178990788e-6,1.042516849740536e-9
4.383223665169716e-6,1.1025336091221708e-9
4.402198637527572e-6,1.2325636016920948e-9
4.406942380617036e-6,1.2673255339567493e-9
4.411686123706499e-6,1.302816139542305e-9
4.421173609885428e-6,1.3768862780541612e-9
4.4401485822432834e-6,1.5374201808086528e-9
4.444892325332747e-6,1.5801361010849482e-9
4.449636068422211e-6,1.6242075559999192e-9
4.459123554601139e-6,1.7155312690563303e-9
4.478098526958995e-6,1.9131608516722555e-9
4.482842270048459e-6,1.965818826906093e-9
4.487586013137922e-6,2.0199395494950677e-9
4.497073499316851e-6,2.1322798012068014e-9
4.5160484716747064e-6,2.375149800018129e-9
4.52079221476417e-6,2.439680498654899e-9
4.525535957853634e-6,2.5062851629700383e-9
4.535023444032561e-6,2.6441141547192945e-9
4.553998416390417e-6,2.9418360545367195e-9
4.558742159479881e-6,3.0211491234420667e-9
4.563485902569345e-6,3.102472813787456e-9
4.572973388748273e-6,3.2711895469168667e-9
4.591948361106128e-6,3.6354398546496488e-9
4.5966921041955915e-6,3.732250927838783e-9
4.601435847285055e-6,3.831518567034101e-9
4.6109233334639835e-6,4.0378502397366736e-9
4.629898305821839e-6,4.482374583862815e-9
4.634642048911303e-6,4.600460621013472e-9
4.639385792000767e-6,4.721530401969863e-9
4.648873278179695e-6,4.97288701400415e-9
4.667848250537551e-6,5.514177001359696e-9
4.6725919936270145e-6,5.658130607796748e-9
4.677335736716478e-6,5.80545346980576e-9
4.6868232228954065e-6,6.1111509236429165e-9
4.705798195253262e-6,6.769162968009781e-9
4.710541938342726e-6,6.9437152087929185e-9
4.71528568143219e-6,7.12283518217396e-9
4.724773167611118e-6,7.493927143366001e-9
4.743748139968974e-6,8.292033526885956e-9
4.7484918830584375e-6,8.503516365809418e-9
4.753235626147901e-6,8.72054622359735e-9
4.7627231123268295e-6,9.169998082286632e-9
4.781698084684685e-6,1.01359851680307e-8
4.786441827774149e-6,1.0391775733706802e-8
4.791185570863613e-6,1.0654085821671617e-8
4.800673057042541e-6,1.1197493878695554e-8
4.819648029400397e-6,1.2364188508097272e-8
4.8243917724898605e-6,1.2673031577355999e-8
4.829135515579324e-6,1.2989720005088657e-8
4.8386230017582525e-6,1.3645145733039064e-8
4.857597974116108e-6,1.505159970447506e-8
4.862740735214951e-6,1.5455533473427347e-8
4.867883496313793e-6,1.587009450614755e-8
4.878169018511478e-6,1.673053862000836e-8
4.898740062906847e-6,1.8586437052175107e-8
4.90388282400569e-6,1.9079644016517472e-8
4.909025585104532e-6,1.958564040165187e-8
4.9193111073022165e-6,2.063565649584609e-8
4.939882151697586e-6,2.289811881709899e-8
4.9450249127964285e-6,2.3499486562374767e-8
4.950167673895271e-6,2.4115375178939563e-8
4.960453196092955e-6,2.5394091447132637e-8
4.981024240488325e-6,2.8145830743380518e-8
4.986167001587167e-6,2.8876840091436723e-8
4.99130976268601e-6,2.9625458601654258e-8
5.001595284883694e-6,3.117869585305381e-8
5.022166329279064e-6,3.451914884373975e-8
5.027309090377906e-6,3.5405381058241195e-8
5.032451851476749e-6,3.631353046662771e-8
5.042737373674433e-6,3.819590548393733e-8
5.063308418069802e-6,4.224166229054071e-8
5.068451179168645e-6,4.331438582805108e-8
5.0735939402674875e-6,4.441323223338563e-8
5.083879462465172e-6,4.669008202087403e-8
5.104450506860541e-6,5.157977092731638e-8
5.109593267959384e-6,5.287577678793917e-8
5.114736029058226e-6,5.420221061554486e-8
5.125021551255911e-6,5.695090898667299e-8
5.14559259565128e-6,6.284761172403061e-8
5.150735356750123e-6,6.44097038890831e-8
5.155878117848965e-6,6.600814746428076e-8
5.1661636400466495e-6,6.93188496649191e-8
5.186734684442019e-6,7.641655933939552e-8
5.1918774455408615e-6,7.829517371467112e-8
5.197020206639704e-6,8.021778749567446e-8
5.207305728837388e-6,8.419705159013034e-8
5.227876773232758e-6,9.27225402902838e-8
5.2330195343316e-6,9.497770634952535e-8
5.238162295430443e-6,9.728500869505385e-8
5.248447817628127e-6,1.0205895496310339e-7
5.269018862023497e-6,1.1227903555815132e-7
5.274161623122339e-6,1.1498121927456707e-7
5.279304384221182e-6,1.1774439084711618e-7
5.289589906418866e-6,1.2346059219892706e-7
5.310160950814235e-6,1.3568794410703098e-7
5.315303711913078e-6,1.389188564447706e-7
5.3204464730119205e-6,1.4222205471370604e-7
5.330731995209605e-6,1.4905300025831803e-7
5.351303039604974e-6,1.6365384883500407e-7
5.356445800703817e-6,1.6750976996727566e-7
5.361588561802659e-6,1.7145138504789496e-7
5.371874084000344e-6,1.7959819582316087e-7
5.392445128395713e-6,1.970008524912187e-7
5.397587889494556e-6,2.0159348106464632e-7
5.402730650593398e-6,2.0628752062625392e-7
5.4130161727910825e-6,2.1598598065269979e-7
5.433587217186452e-6,2.3668868711388634e-7
5.4387299782852945e-6,2.42149583673971e-7
5.443872739384137e-6,2.477287005671921e-7
5.454158261581821e-6,2.59253629399835e-7
5.474729305977191e-6,2.838367527102718e-7
5.51587139476793e-6,3.3974503154285493e-7
5.521014155866772e-6,3.4742234952591595e-7
5.526156916965615e-6,3.552629875392024e-7
5.536442439163299e-6,3.7144715209205893e-7
5.557013483558668e-6,4.059230383111327e-7
5.562156244657511e-6,4.150012727107017e-7
5.5672990057563536e-6,4.242710846904037e-7
5.577584527954038e-6,4.4339869050618676e-7
5.598155572349407e-6,4.841179809048281e-7
5.60329833344825e-6,4.948350700112877e-7
5.608441094547092e-6,5.05774864555967e-7
5.618726616744777e-6,5.283421739062997e-7
5.639297661140146e-6,5.763519928390502e-7
5.680439749930885e-6,6.849588753005286e-7
5.6855825110297275e-6,6.998159089724292e-7
5.69072527212857e-6,7.149760379346036e-7
5.701010794326254e-6,7.462277895091558e-7
5.721581838721624e-6,8.126295891003278e-7
5.726724599820466e-6,8.300779931411489e-7
5.731867360919309e-6,8.478788559449857e-7
5.742152883116993e-6,8.84563589475541e-7
5.762723927512363e-6,9.624597511798347e-7
5.767866688611205e-6,9.829184137199805e-7
5.773009449710048e-6,1.0037856212900913e-6
5.783294971907732e-6,1.0467770459587601e-6
5.803866016303101e-6,1.1380073066196925e-6
5.84500810509384e-6,1.3433540060178478e-6
5.850150866192683e-6,1.3713435436734327e-6
5.855293627291525e-6,1.3998808863696526e-6
5.86557914948921e-6,1.458637830366873e-6
5.886150193884579e-6,1.5831753211545914e-6
5.891292954983422e-6,1.615835082001905e-6
5.896435716082264e-6,1.6491277305963017e-6
5.9067212382799485e-6,1.7176558646029499e-6
5.927292282675318e-6,1.8628177259167658e-6
5.9324350437741605e-6,1.900868284438661e-6
5.937577804873003e-6,1.9396479472799317e-6
5.947863327070687e-6,2.01944813843688e-6
5.968434371466057e-6,2.188388019776672e-6
6.009576460256796e-6,2.566849433903931e-6
6.014719221355638e-6,2.618259809991522e-6
6.019861982454481e-6,2.6706356653158522e-6
6.030147504652165e-6,2.7783515250274144e-6
6.050718549047534e-6,3.006131489892842e-6
6.055861310146377e-6,3.0657542853447683e-6
6.0610040712452196e-6,3.126485834556447e-6
6.071289593442904e-6,3.251351026815007e-6
6.091860637838273e-6,3.515248667593229e-6
6.097003398937116e-6,3.5842941794899568e-6
6.102146160035958e-6,3.6546102429871235e-6
6.112431682233643e-6,3.7991427764620204e-6
6.133002726629012e-6,4.104437118450594e-6
6.17414481541975e-6,4.785302797153485e-6
6.179287576518593e-6,4.877493375011591e-6
6.184430337617434e-6,4.971347176037828e-6
6.1947158598151195e-6,5.1641556683863615e-6
6.215286904210488e-6,5.570985498143088e-6
6.220429665309331e-6,5.677285968711876e-6
6.225572426408173e-6,5.785484374964219e-6
6.2358579486058575e-6,6.007704243597005e-6
6.256428993001227e-6,6.476343414155906e-6
6.2615717541000695e-6,6.598741236862632e-6
6.266714515198912e-6,6.723302877789124e-6
6.277000037396596e-6,6.9790625585470526e-6
6.297571081791966e-6,7.518153877302307e-6
6.3387131705827046e-6,8.71533523818152e-6
6.343855931681547e-6,8.876940530403897e-6
6.34899869278039e-6,9.04134803690183e-6
6.359284214978074e-6,9.378747774733599e-6
6.379855259373443e-6,0.000010089194135946627
6.384998020472286e-6,0.000010274511981531008
6.3901407815711285e-6,0.000010463010499351772
6.400426303768813e-6,0.000010849754897817743
6.420997348164182e-6,0.000011663694657621278
6.426140109263025e-6,0.000011875921217220061
6.431282870361867e-6,0.000012091754823533417
6.441568392559552e-6,0.000012534473310827765
6.462139436954921e-6,0.00001346575471681806
6.50328152574566e-6,0.000015525573673499954
6.5084242868445025e-6,0.00001580281742299325
6.513567047943345e-6,0.000016084682977142147
6.523852570141029e-6,0.0000166625636004405
6.544423614536399e-6,0.000017876987256128685
6.549566375635241e-6,0.000018193256156336096
6.554709136734084e-6,0.000018514745264084433
6.564994658931768e-6,0.0000191737065657255
6.5855657033271376e-6,0.000020557861718699082
6.59070846442598e-6,0.000020918192588861093
6.595851225524823e-6,0.000021284413816040128
6.606136747722507e-6,0.000022034886371699206
6.626707792117876e-6,0.000023610520192126407
6.667849880908615e-6,0.000027082211298150403
6.672992642007458e-6,0.00002754819660083992
6.6781354031063e-6,0.000028021654396461076
6.688420925303985e-6,0.00002899142989022006
6.708991969699354e-6,0.00003102561778317341
6.714134730798197e-6,0.00003155456437898217
6.719277491897039e-6,0.0000320919108570432
6.7295630140947235e-6,0.00003319230055213693
6.750134058490093e-6,0.00003549941548370184
6.7552768195889355e-6,0.00003609910791829649
6.760419580687778e-6,0.00003670823320394555
6.770705102885462e-6,0.000037955333157215064
6.791276147280832e-6,0.00004056887602875095
6.8324182360715706e-6,0.0000463065272191049
6.837560997170413e-6,0.00004707463267942887
6.842703758269256e-6,0.00004785459195404009
6.85298928046694e-6,0.00004945074721438278
6.873560324862309e-6,0.0000527928657935483
6.878703085961152e-6,0.00005366064423613102
6.8838458470599945e-6,0.00005454168701036616
6.894131369257679e-6,0.000056344317220594784
6.914702413653048e-6,0.000060117134625967255
6.919845174751891e-6,0.00006109639691283715
6.924987935850733e-6,0.00006209048659944266
6.935273458048418e-6,0.00006412397832238653
6.955844502443787e-6,0.00006837816254979379
6.996986591234526e-6,0.0000776852741453029
7.0021293523333685e-6,0.00007892810006494864
7.007272113432211e-6,0.00008018939191823764
7.017557635629895e-6,0.00008276838486617336
7.038128680025265e-6,0.00008815927147891512
7.0792707688160036e-6,0.00009993349865798626
7.084413529914846e-6,0.00010150386501089399
7.089556291013689e-6,0.00010309712828548151
7.099841813211373e-6,0.00010635357766810107
7.120412857606742e-6,0.00011315498552032157
7.161554946397481e-6,0.00012798568385619566
7.166697707496324e-6,0.00012996135723643962
7.171840468595166e-6,0.00013196530334609125
7.182125990792851e-6,0.000136059501559596
7.20269703518822e-6,0.00014460379400231793
7.243839123978959e-6,0.00016320519699037993
7.2489818850778015e-6,0.00016568031522343112
7.254124646176644e-6,0.00016819019854823645
7.264410168374328e-6,0.00017331605587724927
7.284981212769698e-6,0.00018400498802460105
7.3261233015604366e-6,0.00020723912490410988
7.331266062659279e-6,0.000210327176290192
7.336408823758122e-6,0.00021345780470098994
7.346694345955806e-6,0.00021984894571679735
7.367265390351175e-6,0.0002331661922284866
7.408407479141914e-6,0.0002620692955628229
7.413550240240757e-6,0.00026590655448614146
7.418693001339599e-6,0.0002697957503387762
7.428978523537284e-6,0.0002777325308432042
7.449549567932653e-6,0.0002942580825451179
7.490691656723392e-6,0.00033007090648363855
7.4958344178222345e-6,0.00033482036606196264
7.500977178921077e-6,0.00033963293709385063
7.511262701118761e-6,0.00034945048102677945
7.531833745514131e-6,0.000369877132956742
7.5729758343048696e-6,0.0004140796049321839
7.578118595403712e-6,0.0004199354745435512
7.583261356502555e-6,0.00042586774226862376
7.593546878700239e-6,0.0004379651171481684
7.614117923095608e-6,0.0004631172642663003
7.655260011886347e-6,0.000517467945725846
7.660402772985189e-6,0.0005246607587374954
7.665545534084032e-6,0.0005319457135692598
7.675831056281717e-6,0.0005467963544713826
7.696402100677086e-6,0.0005776513456382342
7.737544189467825e-6,0.0006442321785039759
7.742686950566667e-6,0.0006530345858892031
7.74782971166551e-6,0.0006619477185164002
7.758115233863195e-6,0.0006801112355401441
7.778686278258564e-6,0.0007178235258814159
7.819828367049303e-6,0.0007990903874931323
7.824971128148144e-6,0.000809823689411908
7.830113889246988e-6,0.0008206895772408003
7.840399411444673e-6,0.0008428250660238244
7.860970455840041e-6,0.0008887534425803984
7.90211254463078e-6,0.0009875930325453652
7.907255305729622e-6,0.0010006345264984041
7.912398066828465e-6,0.0010138342289256214
7.92268358902615e-6,0.0010407152298388055
7.943254633421519e-6,0.0010964533713151924
7.984396722212258e-6,0.0012162469925291108
7.9895394833111e-6,0.0012320381975069843
7.994682244409943e-6,0.001248017542901798
8.004967766607628e-6,0.001280548781364234
8.025538811002997e-6,0.0013479594422864027
8.066680899793736e-6,0.001492654230616623
8.071823660892577e-6,0.0015117100673189203
8.07696642199142e-6,0.0015309888906063689
8.087251944189106e-6,0.0015702249440151552
8.107822988584474e-6,0.0016514780443265557
8.148965077375213e-6,0.0018256662352614161
8.154107838474055e-6,0.0018485852266045008
8.159250599572898e-6,0.0018717676408312742
8.169536121770583e-6,0.0019189336773772134
8.190107166165952e-6,0.0020165485892099525
8.231249254956691e-6,0.0022255553902574207
8.236392016055533e-6,0.0022530309636676917
8.241534777154376e-6,0.002280816727603565
8.251820299352061e-6,0.0023373314616238227
8.27239134374743e-6,0.0024542237833145354
8.313533432538169e-6,0.002704204446372981
8.31867619363701e-6,0.00273703739993881
8.323818954735854e-6,0.002770234465906932
8.334104476933539e-6,0.0028377354740094043
8.354675521328907e-6,0.0029772685822877657
8.395817610119646e-6,0.0032753152371497755
8.478101787701124e-6,0.003954637777388247
8.483244548799966e-6,0.00400108723714474
8.488387309898809e-6,0.00404803379211959
8.498672832096494e-6,0.004143437274621034
8.519243876491863e-6,0.004340421588737294
8.560385965282602e-6,0.004760220830388036
8.565528726381443e-6,0.004815218018021614
8.570671487480287e-6,0.004870793418329689
8.580957009677972e-6,0.004983700628420808
8.60152805407334e-6,0.005216695576006432
8.64267014286408e-6,0.005712684982557318
8.647812903962921e-6,0.005777610718413442
8.652955665061764e-6,0.0058432070571620386
8.66324118725945e-6,0.005976436300006552
8.683812231654818e-6,0.006251217122069228
8.724954320445557e-6,0.006835519199588459
8.807238498027035e-6,0.008155401734480417
8.812381259125876e-6,0.008245106597662885
8.81752402022472e-6,0.008335705796948721
8.827809542422405e-6,0.00851961894060775
8.848380586817773e-6,0.008898529780377029
8.889522675608512e-6,0.00970254617611407
8.894665436707354e-6,0.00980754520851194
8.899808197806197e-6,0.009913572735420517
8.910093720003883e-6,0.01012874905890342
8.930664764399251e-6,0.010571841018881976
8.97180685318999e-6,0.011511073277099496
8.976949614288832e-6,0.011633637701655519
8.982092375387675e-6,0.011757381689810002
8.99237789758536e-6,0.01200844859120943
9.012948941980729e-6,0.012525183856576274
9.054091030771468e-6,0.013619409080095539
9.136375208352945e-6,0.016070709681494603
9.141517969451787e-6,0.016236377623058355
9.14666073055063e-6,0.0164035847614484
9.156946252748316e-6,0.016742667084030712
9.177517297143684e-6,0.017439862015777966
9.218659385934423e-6,0.018913312804862793
9.223802147033265e-6,0.019105168672082316
9.228944908132108e-6,0.019298775946064464
9.239230430329793e-6,0.019691300993572955
9.259801474725162e-6,0.020497992372940487
9.3009435635159e-6,0.022201216142088163
9.306086324614742e-6,0.02242283410323177
9.311229085713586e-6,0.022646439881579314
9.32151460791127e-6,0.02309967749763103
9.34208565230664e-6,0.024030701024936853
9.383227741097378e-6,0.025994582218922695
9.465511918678856e-6,0.030360269289678655
9.470654679777698e-6,0.030653778625726224
9.475797440876541e-6,0.03094982961749252
9.486082963074226e-6,0.031549633462655435
9.506654007469595e-6,0.03278059363867669
9.547796096260334e-6,0.03537238753144992
9.552938857359175e-6,0.035708935114133124
9.558081618458019e-6,0.036048346233940466
9.568367140655704e-6,0.036735843983405715
9.588938185051072e-6,0.03814614309399643
9.630080273841811e-6,0.04111287952567518
9.635223034940653e-6,0.041497860483294756
9.640365796039496e-6,0.04188605995654281
9.650651318237182e-6,0.042672207950630786
9.67122236263255e-6,0.04428416247618017
9.712364451423289e-6,0.047672123745651704
9.794648629004767e-6,0.0551495594857253
9.799791390103608e-6,0.05564982343119556
9.804934151202452e-6,0.05615412499720555
9.815219673400137e-6,0.05717495358991593
9.835790717795505e-6,0.05926630975905679
9.876932806586244e-6,0.0636543313407501
9.882075567685086e-6,0.06422266079528109
9.88721832878393e-6,0.0647954971117233
9.897503850981615e-6,0.06595481345331179
9.918074895376983e-6,0.068328892354879
9.959216984167722e-6,0.07330595107348388
9.964359745266564e-6,0.07395017512127972
9.969502506365407e-6,0.07459941857624577
9.979788028563092e-6,0.07591309802140768
0.00001000035907295846,0.07860217737419346
0.0000100415011617492,0.08423497436405471
0.000010123785339330676,0.09658368965443491
0.000010128587298363138,0.09735139584937542
0.000010133389257395603,0.09812449237089965
0.000010142993175460529,0.09968698554760941
0.00001016220101159038,0.10287808510316702
0.000010200616683850087,0.10953216885547853
0.000010277448028369497,0.12398945651019512
0.00001028224998740196,0.12494642645478111
0.000010287051946434423,0.1259098971143126
0.00001029665586449935,0.12785649031103438
0.000010315863700629204,0.1318293418278893
0.000010354279372888909,0.14010230950873145
0.00001043111071740832,0.15802846816695473
0.000010435912676440783,0.15921286026550538
0.000010440714635473246,0.16040503555625443
0.000010450318553538174,0.16281290797689213
0.000010469526389668027,0.16772395629874076
0.000010507942061927732,0.17793715167783708
0.000010584773406447144,0.2000095469075244
0.000010589575365479607,0.20146526557026045
0.00001059437732451207,0.20293023734664134
0.000010603981242576995,0.20588813691061653
0.000010623189078706849,0.21191714789782232
0.000010661604750966554,0.22443928759881845
0.000010738436095485965,0.2514329209368502
0.000010743238054518428,0.2532100992812244
0.000010748040013550893,0.2549982028400584
0.000010757643931615819,0.2586074084637683
0.00001077685176774567,0.26595938567309335
0.000010815267440005377,0.28121035832767366
0.000010892098784524787,0.3140053071318721
0.00001089690074355725,0.31616076409377336
0.000010901702702589713,0.3183290342813614
0.00001091130662065464,0.32270426503400845
0.000010930514456784494,0.33161125544687453
0.000010968930129044199,0.35006568001258004
0.00001104576147356361,0.38965397851811573
0.000011050563432596073,0.39225163756548015
0.000011055365391628536,0.3948642260866847
0.000011064969309693464,0.40013447150519094
0.000011084177145823317,0.41085720862790986
0.000011122592818083022,0.43304764746080754
0.000011199424162602434,0.48053939662760187
0.000011204226121634897,0.48365065267766394
0.00001120902808066736,0.4867791931664927
0.000011218631998732285,0.4930884378409555
0.000011237839834862139,0.5059177682033816
0.000011276255507121844,0.532437486392673
0.000011353086851641255,0.5890659737843991
0.000011357888810673718,0.592769994592083
0.000011362690769706183,0.5964939017305739
0.000011372294687771109,0.6040017166725842
0.00001139150252390096,0.6192597547387587
0.000011429918196160667,0.6507649156433074
0.000011506749540680077,0.7178905255504467
0.00001151155149971254,0.722274473860276
0.000011516353458745003,0.7266811628422873
0.00001152595737680993,0.7355631362742642
0.000011545165212939784,0.7536040931436795
0.000011583580885199488,0.7908152813271588
0.0000116604122297189,0.8699279800067939
0.000011665214188751363,0.8750871431757469
0.000011670016147783826,0.8802721562241129
0.000011679620065848753,0.8907201372804943
0.000011698827901978607,0.9119307703518923
0.000011737243574238312,0.9556337373311412
0.000011814074918757723,1.0483539289923582
0.000011967737607796545,1.2566036370428686
0.000011972539566829008,1.2636315967207565
0.000011977341525861473,1.2706923812776008
0.000011986945443926398,1.2849128924566766
0.00001200615328005625,1.3137529682075686
0.000012044568952315957,1.3730558099380394
0.000012121400296835367,1.4983671665850102
0.00001212620225586783,1.506504604207609
0.000012131004214900292,1.5146787186903312
0.00001214060813296522,1.5311374748955695
0.000012159815969095073,1.5645005852280496
0.000012198231641354778,1.6330372934980302
0.00001227506298587419,1.7775803324037212
0.000012279864944906653,1.7869540673336124
0.000012284666903939116,1.7963685578655229
0.000012294270822004043,1.8153203296720817
0.000012313478658133897,1.8537187152064658
0.000012351894330393602,1.9325244546293328
0.000012428725674913013,2.0984112636318875
0.000012582388363951835,2.4652424263128965
0.000012587190322984298,2.477496554184996
0.000012591992282016762,2.489800200149477
0.000012601596200081688,2.5145566167769653
0.00001262080403621154,2.5646699504368367
0.000012659219708471247,2.667330760067672
0.000012736051052990657,2.882648042324912
0.00001274085301202312,2.896558202333836
0.000012745654971055582,2.9105225153189296
0.00001275525888912051,2.938614188721213
0.000012774466725250363,2.995453851737977
0.000012812882397510068,3.111791556260634
0.00001288971374202948,3.355366929228519
0.000012894515701061943,3.3710835281019116
0.000012899317660094406,3.386859044006384
0.000012908921578159333,3.4185874293346035
0.000012928129414289186,3.482757836110308
0.000012966545086548891,3.613987042806684
0.000013043376431068303,3.8882708783724924
0.000013197039120107125,4.486328783002914
0.000013201841079139588,4.506122688686328
0.000013206643038172052,4.525985282441092
0.000013216246956236978,4.5659171500217175
0.00001323545479236683,4.646611917017792
0.000013273870464626536,4.811360075252629
0.000013350701809145946,5.154566821769102
0.00001350436449818477,5.898025093599052
0.000013509166457217233,5.922525005474058
0.000013513968416249695,5.947103423349773
0.000013523572334314623,5.996496384386151
0.000013542780170444476,6.09623105397573
0.000013581195842704181,6.299529281475401
0.000013658027187223593,6.721711184965402
0.000013811689876262415,7.630551227884585
0.000013816491835294877,7.660377322332634
0.000013821293794327342,7.690291415207318
0.000013830897712392268,7.750384170537234
0.00001385010554852212,7.8716319694966455
0.000013888521220781826,8.118408644708417
0.000013965352565301236,8.629339074590387
0.00001411901525434006,9.722684270877942
0.000014123817213372522,9.758423353884407
0.000014128619172404985,9.794259201106705
0.000014138223090469913,9.866221703976244
0.000014157430926599766,10.011313538186057
0.000014195846598859471,10.306193038903647
0.000014272677943378883,10.914959553128453
0.000014426340632417704,12.210248622981663
0.000014431142591450167,12.252428117322806
0.000014435944550482632,12.294712006995123
0.000014445548468547558,12.379593404385453
0.00001446475630467741,12.55061367461999
0.000014503171976937116,12.897707823233869
0.000014580003321456526,13.612294967587225
0.00001473366601049535,15.124452492179522
0.000015040991388572994,18.490291245278616
0.000015045699152230999,18.54546447634568
0.000015050406915889001,18.60074797802342
0.000015059822443205007,18.711645979459853
0.000015078653497837021,18.934767250878156
0.000015116315607101047,19.38632066216093
0.000015191639825629098,20.31074259534292
0.000015342288262685203,22.24531042211168
0.00001564358513679741,26.459237969271424
0.000015648292900455412,26.52872960258674
0.00001565300066411342,26.59833324327386
0.000015662416191429424,26.73787645960073
0.000015681247246061435,27.018305990339776
0.000015718909355325464,27.584531835909537
0.000015794233573853514,28.738398189767043
0.000015944882010909616,31.1312476583102
0.000016246178885021826,36.25112249350928
0.00001625088664867983,36.33458146836363
0.000016255594412337832,36.41814507158969
0.000016265009939653837,36.585585786827934
0.000016283840994285852,36.92171858735153
0.000016321503103549877,37.59896788656978
0.000016396827322077928,38.97321968265164
0.000016547475759134033,41.799167317443576
0.00001684877263324624,47.746487661477424
0.000017451366381470657,60.68147322366718
0.00001745607414512866,60.787248026304624
0.000017460781908786666,60.89308747440832
0.00001747019743610267,61.104959475201866
0.000017489028490734682,61.52947005595449
0.00001752669059999871,62.38151057652106
0.000017602014818526762,64.09728960552671
0.000017752663255582863,67.57254726113945
0.000018053960129695074,74.67233896119947
0.000018656553877919487,89.25640991172543
0.000019861741374368317,118.25459403332191
0.000019866848156035702,118.37306804325068
0.000019871954937703084,118.49148497638076
0.000019882168501037847,118.72814670792856
0.000019902595627707373,119.20077532868758
0.000019943449881046426,120.14320317545757
0.000020025158387724532,122.01634760107812
0.000020188575401080743,125.71274828359405
0.00002051540942779317,132.88341476442451
0.000020520516209460553,132.9929150871503
0.000020525622991127935,133.10233349976716
0.000020535836554462698,133.32092395625781
0.000020556263681132224,133.7571149561237
0.000020597117934471277,134.62550225973524
0.000020678826441149383,136.34602513310742
0.000020842243454505597,139.71999909740703
0.000021169077481218022,146.1850435861218
0.000021174184262885404,146.2829493932631
0.000021179291044552785,146.3807573263675
0.00002118950460788755,146.57607921357743
0.000021209931734557075,146.96554460387503
0.000021250785987896128,147.73974255425085
0.000021332494494574237,149.26905997166693
0.00002149591150793045,152.2503174433846
0.000021822745534642876,157.89659520544393
0.00002182785231631026,157.98142599670487
0.000021832959097977643,158.06615169589722
0.000021843172661312406,158.2352877206989
0.000021863599787981933,158.57229762038457
0.000021904454041320985,159.24126396462756
0.00002198616254799909,160.55895015324344
0.000022149579561355302,163.11317164590847
0.00002247641358806773,167.897167103161
0.000022481520369735112,167.96849810971617
0.000022486627151402494,168.03972441149935
0.000022496840714737257,168.18186301552754
0.000022517267841406783,168.46488504891227
0.000022558122094745836,169.02591530224015
0.000022639830601423945,170.12798031894033
0.00002280324761478016,172.25267892480562
0.000023130081641492585,176.1898332601591
0.00002313518842315997,176.24810681141605
0.00002314029520482735,176.30628190984538
0.000023150508768162115,176.4223370157024
0.00002317093589483164,176.6532687490388
0.000023211790148170694,177.11043358384305
0.0000232934986548488,178.00609404725097
0.00002345691566820501,179.72378736334338
0.00002378374969491744,182.87372661637147
0.00002378885647658482,182.92001272830242
0.000023793963258252202,182.96621056325827
0.000023804176821586965,183.0583417622337
0.000023824603948256492,183.24154880330673
0.000023865458201595545,183.60376177548184
0.000023947166708273653,184.31154739462113
0.000024110583721629868,185.66189333852844
0.00002411569050329725,185.7027158160426
0.00002412079728496463,185.74345599434793
0.000024131010848299394,185.82468983906188
0.00002415143797496892,185.9861741853041
0.000024192292228307973,186.30523120160913
0.00002427400073498608,186.92787302642122
0.000024437417748342293,188.11267674858
0.000024442524530009678,188.14842917612265
0.00002444763131167706,188.1841055994319
0.000024457844875011823,188.25523083295266
0.00002447827200168135,188.3965736466665
0.000024519126255020402,188.67565107861816
0.000024600834761698508,189.21955285785816
0.00002476425177505472,190.25178572891153
0.000025091085801767147,192.1055187349136
0.000025095851781368152,192.13057021616686
0.000025100617760969153,192.1555666899697
0.00002511014972017116,192.20539493879784
0.00002512921363857517,192.3043949048183
0.00002516734147538319,192.49978679487782
0.00002524359714899923,192.88028268655006
0.00002539610849623131,193.60127003905075
0.00002540087447583231,193.6229628482927
0.000025405640455433314,193.6446057622774
0.000025415172414635317,193.68774221897527
0.000025434236333039328,193.77341984630658
0.00002547236416984735,193.94241151121176
0.000025548619843463388,194.27108029556317
0.00002570113119069547,194.89226763565645
0.000025705897170296475,194.9109237046823
0.000025710663149897476,194.92953481327265
0.00002572019510909948,194.96662245061202
0.000025739259027503492,195.04026151300124
0.00002577738686431151,195.18541159633992
0.000025853642537927552,195.46733326287904
0.00002600615388515963,195.99871873979728
0.000026311176579623793,196.93988385569347
0.000026315942559224797,196.95337638408506
0.0000263207085388258,196.9668330813011
0.000026330240498027804,196.99363924948798
0.000026349304416431815,197.0468245477607
0.000026387432253239834,197.15150186432749
0.000026463687926855875,197.35420135082697
0.000026616199274087954,197.73390723897236
0.000026620965253688955,197.74523819028855
0.00002662573123328996,197.75653743594324
0.000026635263192491962,197.77904105803842
0.000026654327110895973,197.82367055544077
0.000026692454947703995,197.91143233796967
0.000026768710621320033,198.08107619947265
0.000026921221968552115,198.39770133614442
0.00002692598794815312,198.4071247725919
0.00002693075392775412,198.416520310467
0.000026940285886956127,198.4352279180765
0.000026959349805360138,198.47231084926938
0.000026997477642168157,198.54516021706468
0.000027073733315784198,198.68569303696063
0.000027226244663016277,198.9468784067394
0.000027231010642617278,198.95462775596715
0.000027235776622218282,198.96235268869148
0.000027245308581420285,198.97772951186386
0.000027264372499824296,199.0081924352757
0.000027302500336632318,199.06796689339305
0.000027378756010248356,199.18300121913845
0.000027531267357480438,199.3957223356134
0.000027536033337081443,199.40201023210992
0.000027540799316682444,199.4082768706473
0.00002755033127588445,199.42074656104336
0.00002756939519428846,199.44543290124278
0.00002760752303109648,199.49380380361384
0.00002768377870471252,199.58662054080065
0.000027688544684313525,199.59225102466814
0.000027693310663914526,199.5978617108079
0.00002770284262311653,199.60902386733227
0.00002772190654152054,199.63111255511055
0.00002776003437832856,199.6743572682777
0.0000278362900519446,199.75719374566964
0.0000278410560315456,199.76221233934197
0.000027845822011146605,199.76721251805878
0.000027855353970348607,199.77715779848248
0.00002787441788875262,199.79682922213328
0.00002791254572556064,199.8353048255979
0.00002798880139917668,199.90886051217086
0.00002814131274640876,200.04296185546048
0.000028146078726009765,200.04688348858025
0.000028150844705610766,200.05078924722272
0.000028160376664812772,200.05855329051732
0.000028179440583216783,200.0738925233984
0.000028217568420024802,200.1038238538738
0.000028293824093640843,200.16076328236295
0.000028298590073241848,200.1641951289764
0.00002830335605284285,200.16761226300784
0.000028312888012044854,200.17440253398453
0.000028331951930448862,200.18780806847073
0.00002837007976725688,200.21392689806328
0.000028446335440872922,200.26345702744612
0.000028451101420473923,200.26643519001055
0.000028455867400074928,200.2693997327428
0.00002846539935927693,200.27528809088366
0.00002848446327768094,200.28690281948644
0.000028522591114488963,200.30949164451096
0.000028598846788105,200.35216445071777
0.000028751358135337084,200.42793856377756
0.000028756124114938088,200.4301090474591
0.00002876089009453909,200.43226789934312
0.000028770422053741095,200.43655082389233
0.000028789485972145106,200.44497836593334
0.000028827613808953125,200.46128665029886
0.000028903869482569166,200.49176665388785
0.00002890863546217017,200.49357903792406
0.00002891340144177117,200.49538069065684
0.000028922933400973177,200.4989519108648
0.000028941997319377185,200.50596676765787
0.000028980125156185204,200.5194921581122
0.000029056380829801245,200.5445729781862
0.000029061146809402246,200.54605515979642
0.00002906591278900325,200.54752745179604
0.000029075444748205253,200.55044246845432
0.000029094508666609264,200.55615493974096
0.000029132636503417286,200.56711524725074
0.00002913740248301829,200.56844221083284
0.00002914216846261929,200.56975968444974
0.000029151700421821297,200.5723662598076
0.000029170764340225305,200.57746660621814
0.000029208892177033324,200.5872215028322
0.00002921365815663433,200.58839953957076
0.00002921842413623533,200.58956847230172
0.000029227956095437335,200.5918791203809
0.000029247020013841346,200.5963922066522
0.000029285147850649365,200.6049907733316
0.000029361403524265406,200.6205186644014
0.00002936616950386641,200.62141686060096
0.000029370935483467412,200.62230668499174
0.000029380467442669417,200.62406130649728
0.00002939953136107343,200.6274710547051
0.000029437659197881447,200.63389744504835
0.00002944242517748245,200.63466431079814
0.000029447191157083453,200.63542315165742
0.000029456723116285455,200.6369168437261
0.000029475787034689466,200.6398088617726
0.00002951391487149749,200.6452161333681
0.000029518680851098493,200.6458571263106
0.000029523446830699494,200.64649042893143
0.0000295329787899015,200.64773404520037
0.000029552042708305507,200.65012989313126
0.000029590170545113526,200.65456058178825
0.00002959493652471453,200.65508096452226
0.000029599702504315532,200.6555939794931
0.000029609234463517538,200.65659798517646
0.00002962829838192155,200.658518450144
0.000029666426218729568,200.66201356168298
0.00002967119219833057,200.66241840704
0.000029675958177931573,200.66281619550423
0.000029685490137133575,200.66359067790646
0.000029704554055537586,200.66505579517926
0.00002970932003513859,200.66540471628392
0.000029714086014739592,200.6657467316499
0.000029723617973941598,200.66641011991098
0.00002974268189234561,200.6676548472912
0.000029747447871946613,200.66794904354876
0.000029752213851547614,200.6682364824213
0.00002976174581074962,200.6687911613671
0.000029780809729153628,200.66982023512858
0.00002978557570875463,200.67006088368313
0.000029790341688355633,200.6702949204447
0.000029799873647557635,200.6707432305804
0.000029818937565961647,200.6715612988261
0.00002982370354556265,200.6717495548758
0.000029828469525163652,200.67193134200525
0.000029838001484365658,200.67227558014562
0.000029842767463966662,200.67243806637214
0.000029847533443567663,200.6725941541086
0.00002985706540276967,200.6728872040803
0.000029861831382370673,200.67302420119574
0.000029866597361971674,200.6731548695872
0.00002987612932117368,200.6733972894968
0.00002988089530077468,200.67350907556767
0.000029885661280375682,200.67361460201312
0.000029895193239577688,200.67380694468483
0.00002989995921917869,200.67389379513472
0.000029904725198779693,200.67397445440784
0.000029909491178380694,200.67404893951135
0.000029914257157981695,200.67411726742029
0.0000299190231375827,200.6741794550592
0.0000299237891171837,200.6742355193194
0.000029928555096784702,200.674285477046
0.000029933321076385707,200.67432934504976
0.00002993808705598671,200.67436714009656
0.000029942853035587712,200.67439887891257
0.000029947619015188713,200.67442457818788
0.000029952384994789718,200.67444425456554
0.000029957150974390722,200.67445792465884
0.000029961916953991723,200.67446560503228
0.000029966682933592724,200.6744673122125
0.00002997144891319373,200.6744630626904
0.00002997661391080411,200.6744517508346
0.00002998177890841449,200.67443348330806
0.00002998694390602487,200.67440828093632
0.000029992108903635252,200.67437616449513
0.000029997273901245635,200.67433715470725
0.000030002438898856015,200.6742912722331
0.000030007603896466395,200.67423853768884
0.000030012768894076775,200.6741789716297
0.000030017933891687155,200.67411259456148
0.00003002309888929754,200.6740394269363
0.000030028263886907922,200.6739594891485
0.0000300334288845183,200.67387280154463
0.00003003859388212868,200.67377938441376
0.00003004375887973906,200.6736792579917
0.000030054088874959825,200.6734589579632
0.000030059253872570208,200.67333882456487
0.000030064418870180588,200.6732120622973
0.000030074748865401348,200.67293873098777
0.000030079913863011728,200.67279220173558
0.00003008507886062211,200.67263912318805
0.000030095408855842874,200.67231339721428
0.000030100573853453254,200.67214078915868
0.000030105738851063634,200.6719617105505
0.000030116068846284397,200.6715842198448
0.00003013672883672592,200.6707524488004
0.0000301418938343363,200.67052862099567
0.00003014705883194668,200.67029847764442
0.000030157388827167444,200.66981932082754
0.000030178048817608967,200.6687860596173
0.000030183213815219347,200.66851224066366
0.000030188378812829727,200.6682322579073
0.00003019870880805049,200.66765387591
0.000030219368798492013,200.66642396760668
0.000030224533796102393,200.6661013602288
0.000030229698793712773,200.66577273759185
0.000030240028788933536,200.66509751987869
0.00003026068877937506,200.66367570527765
0.00003030200876025811,200.66055060319331
0.000030307173757868492,200.6601339258483
0.000030312338755478872,200.65971152094116
0.000030322668750699632,200.65884959868254
0.00003034332874114116,200.65705779344472
0.000030384648722024205,200.65320621306358
0.000030389813719634585,200.65269997707995
0.000030394978717244965,200.65218828906652
0.000030405308712465728,200.65114862420313
0.00003042596870290725,200.64900460740816
0.000030467288683790297,200.64446153353356
0.000030472453681400677,200.64387005877526
0.000030477618679011057,200.64327339577423
0.00003048794867423182,200.64206456941895
0.000030508608664673343,200.63958536349952
0.00003054992864555639,200.6343842876561
0.00003063256860732249,200.6230392908398
0.000030637733604932876,200.6222895654512
0.000030642898602543256,200.62153514580177
0.000030653228597764015,200.62001228264018
0.000030673888588205535,200.6169108710551
0.00003071520856908859,200.61048855414944
0.00003079784853085468,200.5967913852545
0.000030963128454386866,200.5661820533893
0.000030968293451997245,200.5651599628705
0.000030973458449607625,200.5641340426403
0.000030983788444828385,200.56207076221284
0.00003100444843526991,200.55789878364232
0.00003104576841615296,200.54937586356846
0.00003112840837791906,200.5316353727967
0.00003129368830145125,200.49353822103544
0.00003129885329906163,200.4922944074403
0.00003130401829667201,200.4910474836245
0.00003131434829189277,200.48854434612787
0.000031335008282334295,200.48350119560732
0.00003137632826321734,200.47326963875756
0.00003145896822498344,200.4522430783611
0.00003162424814851563,200.40807067458388
0.000031954807995580016,200.3122330559472
0.000032615927689708776,200.09717094964395
0.00003262109268731916,200.09539299541095
0.00003262625768492954,200.093613747943
0.0000326365876801503,200.09005139172942
0.00003265724767059182,200.0829113623601
0.000032698567651474875,200.06857104874484
0.00003278120761324097,200.03965731008086
0.00003294648753677315,199.98095764168005
0.000033277047383837536,199.8605067910299
0.0000339381670779663,199.61027754612383
0.00003526040646622382,199.08813192479084
0.00003526547726845975,199.0860970106402
0.000035270548070695665,199.08406193038823
0.00003528068967516751,199.0799912744894
0.000035300972884111194,199.0718480012142
0.00003534153930199856,199.05555376755953
0.000035422672137773296,199.02293578764952
0.00003558493780932277,198.95759113506404
0.00003590946915242171,198.8265341482111
0.000036558531838619597,198.56338115887095
0.00003785665721101537,198.03516904939082
0.00004045290795580692,196.97900390734554
0.00004529642812941777,195.0217501559214
0.000050548542744632126,192.92123459295573
0.00005545167604387424,190.98071254648443
0.00006025835327966935,189.09731312335006
0.00006547362495706796,187.074817294631
0.00007033991531849433,185.2071708489957
0.00007561480012152421,183.20376252132172
0.00008079322886110709,181.2580700487192
0.00008562267628471772,179.46212692345955
0.00009086071814993186,177.5343492822345
0.00009574977869917375,175.7536977083121
0.00010104743369001916,173.84438675689398
0.00010624863261741756,171.9900194335334
0.00011110085022884373,170.27791156708454
0.00011636166228187339,168.4408822457726
0.00012127349301893082,166.7436086239217
0.00012608886769254125,165.09626819916028
0.00013131283680775516,163.3275472900225
0.00013618782460699682,161.69408014775505
0.000141471406847842,159.94214751489906
0.0001466585330252402,158.2406643596995
0.0001514966778866661,156.6699729706245
0.00015674341718969556,154.98424873634266
0.00016164117517675276,153.427020980812
0.00016644247710036295,151.91564945696112
0.00017165237346557666,150.29249689685156
0.00017651328851481812,148.7937128881662
0.00018178279800566308,147.18582460037055
0.0001867033261805358,145.7001120826687
0.00019152739829196152,144.2580835128053
0.00019676006484499074,142.71004848155738
0.0002016437500820477,141.28024694076063
0.0002069360297607082,139.7469892357336
0.0002121318533759217,138.25786514019794
0.00021697869567516292,136.88306760143323
0.00022223413241600768,135.40781655523773
0.0002271405878408802,134.04488214259985
0.0002319505872023057,132.72205915277974
0.0002371691810053347,131.30162711188405
0.00024203879349239148,129.98989744005988
0.0002473170004210518,128.58290026248156
0.00025249875128626506,127.21643037129769
0.0002573315208355061,125.9550804284595
0.0002625728848263506,124.60122064185946
0.00026746526750122293,123.35063807333663
0.00027276624461769873,122.00977519904775
0.00027797076567072755,120.70749169030053
0.0002828263054077841,119.50506706906292
0.00028809043958644414,118.21498668261506
0.00029300559244913195,117.02300647670532
0.0002978242892483728,115.86608617371202
0.0003030515804892171,114.62399635265906
0.0003079298904140892,113.4768445847581
0.0003132167947805648,112.24657005961429
0.00031840724308359345,111.05171732261209
0.0003232487100706498,109.94866867519004
0.0003284987714993096,108.76490733814137
0.00033339985161199724,107.6713379047736
0.00033820447566123787,106.60996401111291
0.000343417694152082,105.47016052480896
0.00034828193132695385,104.41764966802216
0.00035355476294342926,103.28858860324448
0.0003584786132439324,102.24528003758547
0.0003633060074809885,101.23264082810783
0.00036854199615964816,100.14562630653823
0.00037342900352233557,99.1415955023604
0.0003787246053266265,98.0649799133352
0.0003839237510674704,97.01934883700204
0.00038877391549234206,96.05395762228127
0.0003940326743588172,95.0180896033528
0.00039894245190932014,94.06104982386468
0.0004037557733963761,93.13216966890315
0.0004089776893250355,92.13480962313655
0.00041385062393772267,91.21373954525757
0.0004191321529920134,90.22583345598588
0.00042431722598285706,89.26637845000998
0.0004291533176577285,88.38069759712494
0.00043439800377420345,87.4301166166025
0.0004392937085747062,86.55201566010314
0.00044409295731176186,85.69977602279707
0.0004493008004904211,84.78447015911672
0.00045415966235310806,83.93931684225775
0.0004594271186573985,83.03260687627056
0.00046434559364571675,82.19481309505177
0.000469167612570588,81.38165605123535
0.00047439822593706274,80.50868945571638
0.0004792798579875652,79.7024161922983
0.00048457008447967123,78.83777167031032
0.0004897638549083303,77.99801775188466
0.000494608644021017,77.22275419237026
0.0004946139090121581,77.22191589357274
0.0004946191740032991,77.22107760389301
0.0004946297039855813,77.21940105183383
0.0004946507639501457,77.21604805689633
0.0004946928838792744,77.20934250380166
0.0004947771237375319,77.19593314452149
0.0004949456034540468,77.16912141218204
0.0004952825628870767,77.11552588106395
0.0004959564817531365,77.00844646254015
0.000497304319485256,76.79473347715057
0.0004973095844763971,76.79389982478924
0.0004973148494675382,76.79306618147768
0.0004973253794498204,76.79139892199483
0.0004973464394143847,76.78806451163102
0.0004973885593435134,76.78139612524532
0.000497472799201771,76.76806108969183
0.0004976412789182859,76.7413979661008
0.0004979782383513157,76.68809949765293
0.0004986521572173754,76.58161358567332
0.0004986574222085165,76.58078224684604
0.0004986626871996576,76.57995091705216
0.0004986732171819398,76.578288284538
0.0004986942771465041,76.5749631277841
0.0004987363970756328,76.56831324743025
0.0004988206369338904,76.55501521911933
0.0004989891166504053,76.52842609074149
0.0004993260760834351,76.47527553561132
0.0004993313410745762,76.47444535114664
0.0004993366060657173,76.4736151757028
0.0004993471360479995,76.47195485184245
0.0004993681960125639,76.4686343122719
0.0004994103159416926,76.4619936656659
0.0004994945557999501,76.44871410245385
0.000499663035516465,76.42216189462738
0.0004996683005076061,76.42133228674277
0.0004996735654987472,76.42050268787273
0.0004996840954810294,76.41884351714123
0.0004997051554455937,76.41552528374454
0.0004997472753747225,76.40888924920326
0.00049983151523298,76.39561890892779
0.0004998367802241211,76.39478958918302
0.0004998420452152622,76.3939602784497
0.0004998525751975444,76.39230168398225
0.0004998736351621087,76.38898460308482
0.0004999157550912374,76.3823508733659
0.0004999210200823785,76.3815216976622
0.0004999262850735196,76.3806925309597
0.0004999368150558018,76.37903422454923
0.0004999578750203662,76.37571771974697
0.0004999631400115072,76.37488861604142
0.0004999684050026483,76.37405952134496
0.0004999789349849305,76.3724013589442
0.0004999841999760716,76.37157229123972
0.0004999894649672127,76.37074323254393
0.0004999947299583539,76.36991418284806
0.000499999994949495,76.36908514214335